irradiance_wm2,panel_angle_degrees,temperature_c,panel_type,panel_efficiency_percent,array_size_kw,shading_percent,dust_coverage,inverter_efficiency,tracking_system,climate_zone,maintenance_status,power_output_kw
854.9426905371047,34.93987428716278,12.136416240662422,Monocrystalline,19.90898486937117,73.25211212919494,4.452473561639185,Clean,96.26676543190071,Dual-Axis,Polar,Good,29.220685876511247
873.5142166077327,58.96394936936739,40.301998135712935,Polycrystalline,21.918330856117148,21.524243193020386,3.320695157667104,Moderate,95.73545526847738,Fixed,Arid,Fair,58.413628743977405
291.3290199254785,19.63075617337835,6.456214378554539,Polycrystalline,16.079821723483008,30.092401040024157,18.61580829209788,Clean,94.36853372186596,Fixed,Continental,Fair,54.44908921603322
837.5198333334766,47.294955899822845,11.933867506610332,Polycrystalline,15.000939198282447,12.325640687116643,27.325297194828035,Heavy,91.83336831175245,Dual-Axis,Polar,Fair,53.714984427583445
384.38308871378416,37.24894578604338,16.741221428163758,Thin Film,,80.35240961326313,29.864717644904438,Moderate,95.64252971800425,Fixed,Temperate,,44.60403827689859
539.2313452202966,28.621439087960876,33.962892483312984,Monocrystalline,16.207872863596883,60.43639281537582,14.78461598768603,Clean,95.98221524665875,Single-Axis,Continental,Fair,0.7553940427947198
130.96808314879019,24.36892244498021,11.524714418426395,Thin Film,22.28697578714857,54.48099496657566,26.778065607724024,Light,91.10879945486246,Dual-Axis,Polar,Excellent,10.148083200739661
495.9794916630782,,12.527708545202362,Monocrystalline,21.45160287364043,21.29828259864097,8.00767472788603,Moderate,95.90695387733918,Dual-Axis,Tropical,Excellent,
1099.5930091381165,,25.236794005131916,Polycrystalline,21.697992772124632,64.0308665555475,1.1846319378785886,Moderate,92.23173466075248,Dual-Axis,Arid,Poor,66.26749218454235
768.4410264930134,44.035348563075786,38.03614223489324,Monocrystalline,22.26433943004838,37.7591521449974,20.603731262125216,Moderate,,Fixed,Arid,Poor,21.171042513339437
1114.8765235625863,52.28091689404996,7.813641088738583,Thin Film,21.494838112634277,82.07767429880785,22.42138894246598,Moderate,95.24127150703754,,Tropical,Excellent,15.002576101652506
303.22458090135774,59.14249185502202,22.988698346513008,Polycrystalline,19.53185856611561,53.0518940771767,12.891858879606005,Light,93.82376131268698,Single-Axis,Temperate,Excellent,41.763345178544725
430.6100930381582,45.12566169995192,43.612692571330456,Monocrystalline,19.526121819753598,67.82075533638424,12.036490971597004,Light,93.50895228771793,Fixed,Continental,Good,71.63832854980576
139.68593849158717,20.67518680344065,12.362539270961829,Thin Film,19.867828788944394,14.70129760105161,21.594469407697414,Light,91.62175126894002,Fixed,Temperate,Good,17.658297444593206
1155.5858558861432,15.624314213989388,33.8837402114666,Monocrystalline,17.98981984696171,38.709378530960244,,Clean,93.53359316143086,Single-Axis,,Good,40.31323988562195
136.10346485307636,52.758122886530664,26.110031209247254,Polycrystalline,18.004500827985996,38.5389491771871,26.30967522743871,Clean,94.35095524406904,Single-Axis,Tropical,Poor,49.50804099364376
,55.63830232013456,22.560453301995295,Thin Film,19.207207445612998,54.87952995601557,13.73679657215049,Moderate,90.5791648308938,Single-Axis,Temperate,Good,9.800263373269862
974.3707168430795,19.893338335823568,9.63826168591698,Thin Film,21.76451990407247,48.7154453157474,6.272885108931453,Heavy,96.22542561847021,Fixed,Continental,Excellent,46.03589934923083
229.36046880009368,56.38032910216522,24.480133008383337,Thin Film,17.404553432475403,31.551594115278505,10.417087505642623,Light,95.07826837871177,Fixed,Polar,Good,60.4889344521671
146.34640446932227,49.11695106494941,26.265952525534555,Monocrystalline,,81.88049202507318,21.801712837164576,Heavy,92.37352431082817,Dual-Axis,Tropical,Excellent,54.47389659379985
1046.241748556866,24.154193507871383,17.39749181089204,Thin Film,18.93357419599364,8.506232951211647,26.712570478781295,Clean,95.10005176087722,Single-Axis,Temperate,Good,52.071624082513715
1099.5515355894004,35.13227839391049,10.704224791151944,Polycrystalline,,20.26026038443945,19.200722089130196,Light,95.03869280866311,Dual-Axis,Tropical,Good,74.00014238026691
535.7504553282512,25.800525346987293,41.108161879147545,Monocrystalline,15.424463282729604,4.212912502339169,10.094420996901913,Heavy,92.69170094823644,Fixed,Polar,Poor,56.761311877537565
429.68763891855605,53.373418657143816,12.073982017101246,Monocrystalline,20.889726795430494,4.747424785656394,6.066050426079517,Heavy,93.0324922984673,Single-Axis,Temperate,Poor,68.90168826304253
1028.4639566889314,36.94731850609921,16.876336985026043,Monocrystalline,18.18271706793014,84.47065629870822,21.56538593555853,Light,93.51866066923581,Dual-Axis,Arid,Poor,19.523132968315903
212.49875323094383,33.76040540012835,17.03833064740742,Polycrystalline,17.477145032889943,75.98025169690993,17.181804496047917,Moderate,95.65385571793355,Single-Axis,Tropical,Fair,30.102832736417987
724.117262233882,27.793874459367338,38.9503441509332,Polycrystalline,19.243568765905383,3.5622918212458266,13.350871384055564,Heavy,93.36803456875482,Dual-Axis,Arid,Good,38.67245138279551
341.44584041929147,43.28822209867806,28.06614796555332,Monocrystalline,18.54971355151919,41.93681054116033,23.679775175987185,Light,97.3446190265014,Single-Axis,Arid,Good,57.88681891386552
1163.924884961163,42.039277029871656,26.051930583531323,Thin Film,18.748642536340075,58.320367874254195,6.789490615771201,Moderate,94.70899355863683,,Tropical,Fair,45.453091577893574
224.277786263895,22.96522078646121,20.783837571722948,Monocrystalline,18.905742084288285,14.251007764252748,0.06933125495458548,Moderate,,Dual-Axis,,Poor,9.945378631824562
423.88966290237977,51.39880635923783,38.57755883757537,Monocrystalline,22.64367992869125,93.30405591946551,11.906598869967723,Moderate,92.93372537758557,Single-Axis,Tropical,Good,45.87518113380757
512.298324280391,46.821931725431895,37.27443587795357,Polycrystalline,21.12198536602501,,7.706967825981987,Moderate,96.14803764002427,,Arid,Poor,4.6902704638916575
826.3569252636654,20.956781184966076,14.369106246744767,Polycrystalline,15.740196843560891,22.251998646842946,12.137124991914238,Moderate,96.79293976678733,Fixed,Temperate,Excellent,59.64239949185488
927.7198617898763,36.89670820199382,11.481892482288533,Thin Film,17.987241535222346,39.96718259813077,29.8821161104465,Light,95.08723903239725,Dual-Axis,Polar,Poor,
965.6201907845325,45.350499224899835,5.320901194157903,Monocrystalline,17.45839292846794,7.308604536076527,5.041425610486216,Heavy,91.08017436648024,Single-Axis,Polar,Fair,
983.0786518646939,33.22059551747002,37.3471108788119,Polycrystalline,21.383686954119327,1.3972794161575632,3.602924113245579,Heavy,92.90217110407119,Fixed,Temperate,Good,8.925780958717583
1077.1230580653082,48.336726582331295,10.470991878347892,Polycrystalline,15.788951845585093,,0.5336808512746505,Clean,96.07782729708914,Single-Axis,Arid,Fair,73.0495033701659
1144.0830719314913,41.77049594053358,35.862382281863525,Thin Film,20.294896862899115,,23.967503491522944,Light,,Dual-Axis,Tropical,Excellent,79.8829232216174
264.3899356300511,58.136604206081,15.583955844594787,Monocrystalline,16.662619789554842,67.07185544517189,15.824502846901797,Moderate,95.18672451408742,Single-Axis,Polar,Poor,47.37375531196738
274.57003562684645,16.566960197346255,17.206108133436473,Thin Film,19.239771338574872,34.753132823420366,12.828372722507327,Clean,91.08171088770906,Dual-Axis,Tropical,Fair,4.288437941076266
501.87237655128223,22.69476769319879,18.14160951707045,Thin Film,16.583735176009842,48.9357203842934,11.013310911510011,Moderate,93.55686006495601,Fixed,Arid,Good,37.88169836438012
1051.4240992593577,33.88309098688009,26.83063750438361,Polycrystalline,20.463536472296415,66.30780569714085,8.929334597776185,Moderate,91.4997841098321,Dual-Axis,Polar,Excellent,48.063977314620146
786.6259556131708,55.87985875125633,,Thin Film,22.276685592852782,39.34315879009769,9.567831554620717,Moderate,92.84600062691096,Dual-Axis,,Excellent,64.37771238330198
978.0031520395601,24.485430029643474,8.284026699716316,Thin Film,16.9463978605175,8.611626834723799,22.417142530953477,Clean,91.70863926516333,Dual-Axis,Tropical,Poor,50.951213290681345
227.64502260102165,43.13671761281164,42.25978388726069,,15.497116757253629,92.02231876746495,8.70921462196455,Heavy,95.48588247561874,Single-Axis,Arid,Fair,65.08447845716861
581.0482072271627,15.557323763462128,,Monocrystalline,16.426122341790546,96.20711049015421,22.10723648543373,Clean,97.95931472540782,Dual-Axis,Temperate,Fair,63.158802171427816
624.5708810075461,18.414181737069164,19.43739661860111,Polycrystalline,15.15998640157466,53.17154507589466,,Clean,92.10281906107936,Single-Axis,Arid,Excellent,14.390622230641862
947.7736389143739,39.821585793054496,6.312413085041078,Monocrystalline,16.367373653387077,33.70848532648294,,Moderate,90.04020971559284,Single-Axis,Arid,Excellent,73.47532536601595
1104.0314252854837,40.20877499723032,34.99583555802066,Polycrystalline,21.75134099005813,10.340194159285076,12.597461237197221,Light,97.01069588197115,Single-Axis,,Poor,4.296757316128557
681.679910853395,38.25403483916618,19.63539658773992,Polycrystalline,,18.670102890763488,25.043073066389244,Light,95.92706815681092,Dual-Axis,Continental,Fair,22.700250840115668
809.3616451026639,58.89037751987776,24.646669416694284,Polycrystalline,16.099590307116507,68.465669669631,12.704348066227894,Light,97.2989427070358,Dual-Axis,Polar,Poor,71.9654999849126
1071.336015019197,36.55573427398181,13.675203671846798,Monocrystalline,15.123712280809757,,28.676619598042404,Clean,97.5805935640003,Fixed,Temperate,Poor,78.59742154487094
115.77486101136768,18.957723441668755,18.206857037941823,Thin Film,15.363146491628436,60.00410738017072,21.360973382357972,Light,,Fixed,Temperate,,
,19.72669585662806,15.35758201219739,Monocrystalline,22.957751802533732,65.82429434740321,20.73459952746116,Moderate,97.90575772097198,Dual-Axis,Polar,Fair,3.0137897026690825
602.2390679331861,27.859559457279538,40.593179690433175,Polycrystalline,16.105554506151105,,7.385893244590584,Moderate,93.93184271764636,Fixed,,Excellent,14.43617654975131
706.520596619891,28.71970624705984,28.814091656776995,Thin Film,19.40661989390525,82.04932388450119,19.11000389789062,Moderate,93.54737221801891,Fixed,Polar,Poor,41.99946327598198
224.49910047116572,48.66375449704033,18.392498080156535,Monocrystalline,15.08347847269802,55.84768302846702,22.44612667288682,Clean,92.06716369934064,Fixed,Temperate,Poor,49.498903309176185
406.3789075665056,35.53480273146858,43.44209326199624,Monocrystalline,17.819673858569086,37.0982831506859,17.745840411178396,Clean,92.41941310467678,Fixed,Tropical,Fair,57.572257663903144
597.0424467345489,37.46073027075481,38.15324939580247,Thin Film,19.491172055372168,54.13305393813148,1.702863060097518,Clean,93.75984936162966,Dual-Axis,Continental,Poor,25.18339142737412
893.4303902382185,59.40465191275696,28.992990958691284,Monocrystalline,16.44091488608024,9.321174602345126,,Clean,96.6876258520288,Single-Axis,Continental,Excellent,18.41346132029481
1103.4544160443438,53.326136068190074,15.503201429273297,Thin Film,22.682768853611332,9.670971958221868,18.888403522336937,Light,92.65114874283582,Dual-Axis,Polar,Fair,15.338737261581159
1169.1914402985983,21.374084857339206,,Polycrystalline,20.89570762029083,60.416174567367875,7.459093129118385,Light,92.68320046453404,Fixed,Tropical,Excellent,20.198768191631505
282.607435471313,58.82971543923158,28.475154960162364,Polycrystalline,15.88317871023047,53.62865373418117,22.256854773248094,Moderate,94.8418039144636,Single-Axis,Continental,Good,17.649038966222314
429.5976787752066,55.89522652027693,34.87665585501769,Thin Film,22.443283546894868,48.07390434268455,15.240662047825431,Light,97.7794633652247,Dual-Axis,Temperate,Good,10.89551421469802
341.0348640982793,23.579649630243225,19.67467887770883,,19.558901245926723,79.76564071265231,12.06100544354655,Moderate,91.65000986005974,,Polar,Good,16.589034489259696
990.6687127418057,38.51132048346063,23.87799654035515,Thin Film,20.982005950981797,75.09555106351243,25.96983793686173,Light,95.63422322940835,Dual-Axis,Arid,Fair,45.420163994581564
792.3685109641906,45.547645270241354,16.529738351776132,Monocrystalline,17.811604975700437,93.23016768426355,0.28229507709227275,Heavy,96.85597585773324,Dual-Axis,Tropical,Excellent,69.81601377141543
1084.5179647732355,48.732189294736955,42.02181830749168,Polycrystalline,17.199393619674925,86.74173983529785,8.455911778756871,Heavy,93.20821367877868,Single-Axis,Arid,Poor,21.483404361110022
867.789958841136,40.31830898442756,23.7748640787583,Monocrystalline,19.97994270855097,21.718345330099744,4.46211142670248,Clean,96.70875393955569,Single-Axis,Polar,,60.477760585205814
1073.1667712866042,19.43509428539867,38.293573080624,,21.082903713748536,27.944217353098995,6.5810594061010725,Moderate,93.61396299695691,Fixed,Arid,Poor,60.605292245125064
248.10904906190854,51.321300512246616,11.241739385836564,Polycrystalline,,80.00374624019798,17.576612112901888,Clean,91.2475330475157,Fixed,Temperate,Excellent,
1187.3914422864593,18.888282732256627,43.49334722249522,Polycrystalline,17.154863978694156,22.16083916106926,26.30723801473708,Heavy,91.10085372236952,Single-Axis,Polar,Fair,5.448010479149237
1061.162828689208,55.27386681320184,25.301705644850706,Thin Film,21.48636264813463,72.0400352829928,18.165078615252344,Moderate,94.39102081856463,Single-Axis,,Poor,41.414025539296915
280.7577734275185,32.90857164749525,43.94913945543114,Thin Film,21.730913349206666,33.72032543370614,0.40202760056020304,Light,95.01164489169749,Dual-Axis,Temperate,Poor,
445.3293839102296,36.200408570191726,20.0388469254024,Polycrystalline,22.244522214984585,99.46724798946767,24.335932051483226,Light,94.84438130715066,Dual-Axis,Polar,Fair,68.71045923076143
1162.2515996770194,42.8272826316158,21.378201880833764,Polycrystalline,16.59313058190767,21.10282965522832,24.19796742705602,Heavy,94.8688583629667,Dual-Axis,Temperate,Excellent,46.16796871629298
741.4110416163279,15.076944611749344,5.526536980881094,Polycrystalline,21.283041626014395,27.53212268880021,21.682102225098518,Moderate,91.89148115923967,Fixed,Arid,Excellent,66.4643778566093
907.9944948140337,20.436383743036664,36.276173406378874,Polycrystalline,16.18936564381906,76.65998550253416,21.875465444627988,Light,90.69538271428587,Dual-Axis,Temperate,,8.024938616211468
721.6886338193074,56.97045352465427,12.447052712698001,Polycrystalline,22.406489035631186,35.0012563122181,6.880237546109125,Heavy,90.31615594783713,,Continental,Poor,14.288364561166011
638.3693898672007,18.5646273687189,17.948226618310382,Monocrystalline,22.149947069402263,,15.513212949414605,Moderate,,,Polar,Fair,71.28185742911973
,,17.80246093290838,Polycrystalline,16.397062979757276,72.96334073307915,,Heavy,92.40834160397966,Fixed,Polar,Excellent,39.78287656601856
426.24792543667155,50.41539035456416,10.081764590037245,Thin Film,18.9452337412227,11.534259001126912,28.50346756147918,Heavy,97.55730461299093,Single-Axis,Tropical,Fair,47.09923766837884
,17.744991509276034,27.42024824489079,Monocrystalline,18.87322912695301,70.57892174218874,12.421345842219221,,91.31611145080556,Dual-Axis,Polar,Excellent,15.731541591272949
584.6950641011753,30.989878445181137,39.67394778184999,,21.922512462175465,93.44674025166118,12.80189567716789,Heavy,90.67408406960222,Single-Axis,Temperate,Fair,23.692292712603177
462.90592863994283,24.628618335794265,17.004953633661106,Thin Film,21.94829525969486,88.62390961802004,8.559082186396141,Light,96.92773455453147,Dual-Axis,Arid,Fair,16.009290147156364
626.9006179257683,53.904672224774345,34.901132925983106,Thin Film,17.823457464431367,76.03929788531339,23.70758842884748,Clean,92.53684884834462,Fixed,Temperate,Fair,61.01477767037034
678.0992520255613,52.786056913105256,30.068856080995644,Polycrystalline,20.924133095002098,39.23082687757423,3.306414143559102,Clean,91.74974411257139,Fixed,,Excellent,71.77568133958499
691.8787744520369,40.31799950346904,11.64989236506396,,16.958136414733495,97.24652608880928,10.533291032109403,Clean,90.12594170911366,Single-Axis,Tropical,Good,31.731367161062003
1135.9573505085755,58.93090547857392,5.900483443974784,Polycrystalline,19.885947089422963,18.392988326692482,5.500903816668781,Heavy,95.68967588713164,Dual-Axis,Temperate,Poor,13.231334306954931
385.9405265931392,54.54440353995269,38.8235449292868,Polycrystalline,15.604615085153025,66.03723112829074,7.270139101110638,Clean,94.79844901332324,Single-Axis,Arid,Excellent,26.019538479391898
778.8065037002509,28.24858571020019,39.47612030306316,Polycrystalline,15.140316971354066,90.2822194369365,3.215450386302745,Clean,96.79748107561554,Fixed,Tropical,Fair,73.32907530461682
769.117405296398,23.21755898905613,26.335479470207424,Polycrystalline,16.084306761415995,76.01122240786988,25.38129447957465,Heavy,94.44773150031935,Single-Axis,Arid,Fair,22.01280428062121
817.9332406564337,46.69874299003422,42.4643270241213,Polycrystalline,19.324770303402623,17.064919947104766,19.727406237708173,Clean,95.3192505407142,Fixed,,Fair,29.764273116109074
777.8454506791874,56.29672220977288,34.90249981041267,Monocrystalline,16.4712725516296,97.37547330267112,6.625459201151044,Heavy,94.61458762008273,Single-Axis,Arid,Poor,44.20273593125108
872.2419482348178,52.08278868593917,12.24231311375135,Thin Film,21.793478846605144,58.95485376958252,2.842305260937951,Clean,93.39749555480202,Fixed,Arid,Poor,40.87248273505953
,22.413775016424196,26.727072315464007,Thin Film,22.5646952484229,74.50732988990319,18.422137803016245,Moderate,94.85080342382105,Fixed,Temperate,Fair,33.94568399531468
1188.5749638013488,41.83029565781784,14.6159483896014,Thin Film,17.342844111872108,,15.038355549195634,Moderate,96.67552364631756,Fixed,Temperate,Good,14.38664749145831
697.4718621718191,47.40339751147728,12.370744409414996,Polycrystalline,17.658906185517758,8.694012110669025,10.258433263914178,Light,90.12313079637451,Dual-Axis,,Fair,49.284225735993694
929.2544759755428,59.03070749527846,41.541846968109006,Polycrystalline,17.84399915325839,87.07614866971458,22.401977831017437,Moderate,94.72175246289694,Dual-Axis,Tropical,Fair,67.16703688028876
,40.621877204315744,7.878962977519577,Polycrystalline,16.50022095696546,51.78082716440562,8.4622419561162,Heavy,90.80091361676787,Dual-Axis,Polar,Excellent,4.950113352919788
548.0062469178673,34.0734067377974,40.2357050932948,Thin Film,20.501204852952853,57.52339681257804,18.77267037560681,Moderate,97.75947725288447,Single-Axis,Temperate,Fair,46.93883067754907
430.7563784172944,28.950699267784874,32.29131573802637,Polycrystalline,20.240612216986868,5.936895542024038,3.1879369177233596,Light,91.70236346662884,,,Excellent,4.615458062591577
962.7030387599015,47.15085131040076,13.891608253939935,Thin Film,21.819234695562876,73.67373349942095,8.681702870471172,,90.5091966696085,Dual-Axis,Polar,Excellent,68.59504994094648
250.6133290634972,54.30666091804884,10.628891951484189,Polycrystalline,19.059106361833777,35.9352407416146,23.388880529539016,Light,91.6726746638856,Fixed,Continental,Excellent,16.240942138765455
1076.4125480090747,44.17503240961154,,Polycrystalline,18.385806876579277,85.76385361571904,26.378384354587396,Clean,92.92705133998125,Dual-Axis,Temperate,Poor,35.884877968765835
626.1759857249746,57.425538183850094,14.245923131835845,Polycrystalline,15.03299445099607,,2.782866018662845,Heavy,96.8556868700085,Single-Axis,Tropical,Poor,79.17730880475612
,49.10096351614329,28.73581598562298,Monocrystalline,22.54327779463138,32.7854098072965,13.670210639869406,Moderate,93.87283993369023,Dual-Axis,Continental,Fair,45.724368612186275
166.76293975863456,34.35642730473562,20.862853838143067,,21.000343065293226,,27.131180408166987,Heavy,,,Temperate,Fair,13.319287202669582
134.1363638663863,31.712048346248906,26.03277177984054,,16.40105769394714,87.22679524407337,25.27802105240317,Light,90.60683544773075,Fixed,Tropical,Poor,1.2650120166464451
528.2462674989429,56.8295417528638,37.84386639981498,Polycrystalline,22.11697448755283,39.48311708650083,,Heavy,94.9550372047403,Fixed,Tropical,Fair,68.09934591986534
559.8823105845022,37.80087127447675,40.88437051121033,Monocrystalline,21.155005045856363,81.35260561703555,0.4045596878936031,Heavy,90.40529084703537,Single-Axis,Polar,Excellent,62.99954747629848
167.9055206345816,39.969847652599825,18.696852730281307,Polycrystalline,21.70446041241817,98.71345877411352,15.563968752561115,Clean,95.90673526172517,Single-Axis,Temperate,Good,52.913663798921846
875.3830023354718,35.189352263048846,,Thin Film,16.176907679245417,20.137658255212372,25.116288944287177,Moderate,93.06252058969464,,Continental,Fair,15.585096726839975
829.014899281673,48.573912935927396,7.573461242807862,Thin Film,,29.206394719687832,0.07563123596142307,Heavy,97.03632198276736,Dual-Axis,Temperate,Good,11.386164686234089
803.6638261007625,57.094288375038644,34.282753302567286,Monocrystalline,19.14959277407758,81.55722456325493,29.33979939708513,Clean,97.72204228124617,Single-Axis,Arid,,74.7445941785882
964.877612758819,55.66520359838124,35.85205734322838,Polycrystalline,19.318684254922807,13.786483256930069,6.550067243987233,Moderate,90.85280435393427,Fixed,Continental,Poor,23.407930910169725
763.1882784950583,39.084223518917284,9.713002653491497,Thin Film,20.982006219806543,56.00891310420673,,Moderate,95.29682575203448,Single-Axis,Temperate,Excellent,17.626736044011377
154.26022579931345,44.24676555456932,5.0800980467039825,Thin Film,18.928211901783506,39.56706084706936,17.890056723324584,Light,93.60866163474398,Single-Axis,Continental,Poor,37.51447949782534
270.4480398171993,26.33109980944814,32.47031438594853,,18.195133592346398,94.14385586516809,6.829157021738432,Light,93.01530443349004,Fixed,Arid,Fair,35.96315467847824
265.3589616848104,17.053431813714287,8.568312621032614,Thin Film,20.221528458451434,59.22295767138939,18.964237624086167,Moderate,95.15950450903401,Dual-Axis,Arid,Excellent,19.037728519238705
143.0275091616214,,40.87683864065248,Polycrystalline,18.393240188390628,74.22102573244439,6.342699272944483,Moderate,92.61784875384247,Dual-Axis,Temperate,Poor,40.80317352012862
433.3796938372574,51.68158533678597,7.722541266677796,Polycrystalline,22.152145626985845,54.56821975679544,,Clean,96.19964443043632,Fixed,Temperate,Good,25.28579987068513
1128.8930824316485,57.35444666384268,40.572481839598524,Polycrystalline,21.610714939968926,24.241353033932615,23.439933894123026,Light,95.50337293758177,Single-Axis,Polar,Good,34.06342307183496
995.2930360308453,15.443269196428428,12.00897879152751,Monocrystalline,19.02951242422419,15.60848435064063,28.671616940338637,Heavy,92.35136460532364,Single-Axis,Temperate,Poor,2.99854027729626
741.8506878684082,45.059424339838024,6.837836810468181,Thin Film,17.930883804511108,,23.165976191312396,Heavy,93.94625428685005,Single-Axis,,Poor,66.11360632228995
962.4028035924736,36.527509265969805,41.436389737699734,,,80.97808319869378,6.295469211050406,Light,,Fixed,Arid,Poor,34.95959389003692
1102.9080611495947,35.89376084009153,14.239752532639898,Thin Film,,46.864069418128786,16.45134920575886,Moderate,96.98860809319608,Fixed,Continental,Good,42.09433210862134
149.52402677639571,38.455906874866216,36.89161806162781,,21.466750997229404,5.742265144947396,20.626783344875506,Heavy,97.62903413310265,Dual-Axis,Continental,Excellent,5.789575930977489
1023.7864326477188,59.64907682910896,36.78506346889732,Thin Film,16.560666622940786,57.13502155806579,29.898956628129135,Light,95.07969278620072,Fixed,Tropical,Good,26.68161484697645
1067.4391563040772,20.95094680961167,27.434481382231063,Polycrystalline,,57.43737983872022,,Moderate,92.0566190317931,Fixed,Arid,Excellent,2.612805955927804
769.8130073244865,31.004011488015617,43.879556575365875,Thin Film,16.18606713672921,35.61448749341342,7.534718208608922,Clean,94.82474775833741,Fixed,,Poor,55.351310923611656
439.0959945013959,54.997911606598464,42.83470113789642,Monocrystalline,20.188041312129073,61.17769912582204,18.516263622251795,Heavy,96.24636227093018,Single-Axis,Continental,Fair,24.387924009520763
171.01321115886105,30.112175531337886,30.834059228895153,Monocrystalline,18.20970092462939,7.9299277127335,29.37269427498755,Heavy,91.59529423751681,Fixed,Polar,Good,10.634641099737284
507.34106607568754,31.292417057377662,38.591654885851305,Polycrystalline,18.78616093286053,64.885771996762,14.613068653866291,Moderate,96.72166415237503,,Arid,Excellent,29.38228396836807
264.00241048645034,35.659256330125636,11.699332437622312,Polycrystalline,,,4.876814809139962,Heavy,94.39042285000613,Fixed,Continental,Poor,28.277566028277874
760.9987019967004,,36.62981379580226,Monocrystalline,22.655424072970252,76.37479466813967,7.298171529921792,Heavy,91.1387300867339,Fixed,Tropical,Excellent,13.964434575146095
312.116149706333,56.84155920921595,36.11036367985896,Monocrystalline,18.43600736346676,94.28527072366482,21.809493189942785,Light,92.0992903609406,Dual-Axis,Temperate,Fair,22.152316751987826
826.4531469701033,16.18055081907158,31.181655927408492,Monocrystalline,22.020928746914525,2.6811032011621396,8.599633097839561,Clean,95.7694560573539,Dual-Axis,Tropical,Poor,19.004602986724006
243.4639218296006,30.189990882439652,38.226069254628,Thin Film,20.493766813986397,54.58293692053385,8.954729825681483,Light,96.44332953603048,Single-Axis,Arid,Excellent,
864.0011772734821,32.33615663956496,21.876108088002525,Monocrystalline,22.760243586402737,15.383449767232916,,,91.58872543700821,Fixed,Continental,Good,71.18248477776817
389.17382163884594,,31.45409204971289,,15.412683415551037,6.8637857179510915,18.635550729536142,Clean,90.17320948404594,Dual-Axis,Continental,Excellent,61.255074768751626
884.7470931140115,27.094988440681995,35.47821829248051,Polycrystalline,19.530727025451988,82.09647630467178,22.475850674435264,Light,90.04703807453058,Fixed,Polar,Poor,45.96137829545046
519.402128960878,25.652143849558357,6.428888940873052,Polycrystalline,15.541168601265449,58.231867677275005,6.465683039976043,Heavy,93.70400613778263,Single-Axis,Polar,Excellent,7.767139374741799
102.53784803752247,55.32130432456741,38.275007495284385,Polycrystalline,18.072945777391528,28.313784573930267,29.093931816106885,Moderate,96.48451082834791,Fixed,Arid,Good,22.784849440752243
892.9773186362506,42.14620920804069,6.334749522288852,Monocrystalline,18.016859639664133,93.00503761351929,9.067570499028253,Heavy,97.56920105490998,Dual-Axis,Polar,Excellent,59.24337438512771
293.8861673927164,22.98221576875246,16.783866789061076,Monocrystalline,21.115599801227017,52.94945022819858,26.979467195772852,Clean,,Single-Axis,,,61.77761129631683
750.1642127078845,31.155919408440795,17.041498693125074,Thin Film,,41.51251830189898,15.505979984992317,Heavy,92.39872610047797,Fixed,Temperate,Poor,45.62522077401179
,39.53878499800025,6.324894091869591,Monocrystalline,19.728731401263357,11.515386026905658,7.09538364113228,Clean,91.54399180693758,Single-Axis,Tropical,Fair,76.62467445148843
,18.382946677589658,24.09392866852745,Polycrystalline,18.694588531137583,33.3385741552626,16.994312619049786,Clean,95.88488704491856,Single-Axis,Polar,Poor,41.33966690717244
831.607311967372,45.931871432402176,29.144944259591703,Thin Film,19.854940458506494,72.07795131363943,0.8233416630113555,Heavy,94.995692348332,Dual-Axis,Arid,Poor,26.339937321728343
1095.2908403130668,43.260433442908976,22.612824960666636,Polycrystalline,16.670173055948403,31.69604143707165,29.777343845460795,Light,92.72777002940525,Dual-Axis,Tropical,Excellent,14.527628260015485
240.11906393376762,58.979475591664134,37.536622626693955,Polycrystalline,21.476231475339887,8.925673273316244,3.2132538408239464,Moderate,93.78398633955831,Single-Axis,Arid,Excellent,36.5948599282806
528.6493375868165,22.68892781423689,19.284082283441812,Monocrystalline,16.96526684721553,51.85461941033896,15.021397514158322,Clean,90.26215327832128,Dual-Axis,Polar,Excellent,70.93768207707197
611.9647188867909,43.83844633561861,34.968367635992486,Monocrystalline,19.483586993488068,34.28719710603228,22.524336809105517,Clean,96.02356063334197,Single-Axis,Polar,Fair,3.392304178287515
390.1266507072758,50.01962388819963,35.56306821877974,Monocrystalline,15.974587283857225,67.1687868314499,14.954057083371405,Moderate,93.7390742133747,Dual-Axis,Polar,Excellent,78.49363598408883
227.49739036662226,46.73606772412538,41.08078446856228,Polycrystalline,16.59107520024784,85.28255809265558,17.78048584132866,Moderate,97.4892368298702,Fixed,Arid,Good,58.742006583720034
805.5584776352161,15.80709557572558,40.59757939523304,Polycrystalline,22.969362900473712,29.488203472060142,25.5823046951772,Light,93.46536623339742,Fixed,Arid,Poor,54.816921902003806
1020.8400240481632,49.593427934958726,44.56867147157584,Monocrystalline,15.380228456133683,27.86097434482578,12.197027605845513,,90.40877483227602,Fixed,Arid,,34.931983376170166
605.4324812517411,23.05506415089517,35.191259574576534,Thin Film,21.62813408190117,46.82416798844952,0.604213802217054,Heavy,92.01342393510828,Dual-Axis,Temperate,Good,66.59483236601305
575.3988394146816,40.20618310487393,8.629454323064394,Thin Film,21.78934075999475,74.0136955985136,14.073762192031719,Heavy,94.70604359237893,Single-Axis,Tropical,Fair,56.01534955569163
691.4564029187973,56.59299579143945,22.922654424523422,Thin Film,20.246354680014278,65.13297357627975,2.8373102317854713,Moderate,96.30235348567125,Fixed,Arid,,60.11774947450105
797.9977880179486,30.766099986658947,13.978376485159703,Polycrystalline,21.32976254172208,50.42337540566156,27.284469881754344,Light,95.38402445517515,Dual-Axis,Temperate,Excellent,17.85081668443275
813.7234899036808,19.37410405650632,9.709236587471995,Monocrystalline,17.939714991878763,55.855085845101144,8.920232023190637,Moderate,90.20772843592951,Dual-Axis,Polar,Good,47.36630009240925
766.5990920800783,35.676869903573504,39.59699414636693,Polycrystalline,18.897734559562767,2.3846388491193595,,Clean,96.10789113169092,Dual-Axis,Polar,Good,45.33347565662623
,37.73543240500035,13.963328357684484,Polycrystalline,19.866655819737613,,25.717941478912937,Clean,97.38001729374415,Fixed,Tropical,Poor,58.01572385161072
241.55978260748796,22.15383336522364,14.00289661969056,Polycrystalline,21.986645420240713,32.92269467361561,,Light,92.30083686623678,Fixed,Temperate,Fair,
968.4132629020415,27.104823707156317,31.888981318944328,Thin Film,16.328564142563323,4.004021976102032,16.106759535523942,Moderate,91.35788999365145,Dual-Axis,Continental,Fair,56.042341245239975
1035.591516947762,45.34570578213682,7.538751567243129,Monocrystalline,15.45687446973525,81.70243273026519,6.464426863172424,Light,95.03359309962707,Dual-Axis,Polar,Fair,70.70027506477986
687.8841419355196,43.58210036040249,5.73712410313052,Monocrystalline,22.4311943264064,81.08306946174241,21.408246885518018,Clean,94.93313056607454,Single-Axis,Arid,Fair,11.877822319133875
1182.0095866749186,58.03272461879593,18.871383983892997,Monocrystalline,18.537100852474385,89.91674672036086,2.5096105159398627,Light,90.49917728231716,Dual-Axis,Temperate,Fair,58.25970534613271
141.56831425589263,39.1578427628848,14.280092454778588,Monocrystalline,21.042341481281507,49.901880248623335,14.403598843364549,Heavy,93.09274614166526,Single-Axis,Polar,Poor,19.54484805299419
493.0900032069636,19.080446597669003,30.605154627187623,Thin Film,16.17587431056699,29.4896937367256,9.169995695370323,Moderate,95.84374618891215,Dual-Axis,Polar,Fair,9.303241225745793
698.3143134264923,59.43021627165815,10.37079766677917,Monocrystalline,19.865761207479466,5.350948212605563,18.426114527102296,Clean,96.62421098243047,Single-Axis,Temperate,Excellent,35.88040372897639
801.5120646775474,32.95059335044657,,Monocrystalline,22.259926011397912,,29.702742566688116,Light,90.55420681126333,Single-Axis,Tropical,Good,
924.0449085351265,31.344714667157042,41.89731957015298,,18.828707598035827,16.841831828116852,23.13801884654234,Clean,97.83146469566476,Single-Axis,Tropical,Fair,7.497575744506983
552.7921070532861,30.27451932985074,6.119341966025762,Polycrystalline,22.16597666064321,90.84034184693559,3.1199916122115354,Moderate,95.39363148367957,Fixed,Polar,Fair,18.269645338056062
743.0767059383235,39.53049576674145,31.628503358103494,Thin Film,17.260438317010816,19.676313664618394,14.976893589254388,Light,,Fixed,Continental,Good,4.161890360534082
726.955471050837,41.98566718859433,15.696197519908,Monocrystalline,16.656988994176558,30.727023781598795,29.527380068090125,Heavy,93.97136824011751,Dual-Axis,Arid,Excellent,66.02168329157664
114.88832388217321,57.101060976058996,39.208028157043145,Polycrystalline,22.32854897203337,51.70356148832994,20.050850868334972,Moderate,93.34806096801108,Dual-Axis,Polar,Fair,74.88368324704655
1081.3155180493047,48.766937828344524,19.46437277897543,Thin Film,21.98479841227626,70.26184943312882,7.2892598786939375,Heavy,93.16223497482406,Fixed,Continental,Poor,55.31895160552114
875.9388186618844,22.78674083613798,27.659202321966184,Thin Film,16.02464666768371,50.637806962112485,2.4252095170888675,Moderate,94.7663667336788,Single-Axis,Arid,Good,33.07840952891194
781.749597460368,26.042004752507488,10.932836090176705,Thin Film,18.938935938656783,77.00055908551568,28.95013947846038,Light,91.53630278880097,Single-Axis,Tropical,Fair,56.15346803096863
1077.9063360535752,53.215585376407354,39.77271913903716,Polycrystalline,16.31081606473242,7.176571927395184,18.749145741210828,Clean,95.92460665754878,Fixed,Polar,Poor,6.529931181478225
278.78848243155403,32.86807269586901,16.939037844641383,Polycrystalline,20.290441848381754,49.865941335395405,0.5500195448154621,Moderate,94.5869895603431,Single-Axis,Continental,,56.2594157338546
988.1873225778096,57.184478252323714,17.657399111449813,Thin Film,22.98762906393449,4.860313603295848,25.455811427057785,Heavy,94.57080162595199,,Polar,Good,39.970194732500005
392.7120329768836,26.812786876646506,13.086809855049797,Monocrystalline,,70.01610740925351,28.997860989445826,Heavy,93.81775970117751,Single-Axis,Continental,Fair,5.129083705055016
297.2101089494839,,11.861335077233083,Monocrystalline,16.7039030129313,34.19553702607102,29.55438862917419,Clean,97.6224420024653,Fixed,Temperate,Fair,63.52342289282285
997.0303314186685,43.901822461251086,41.64074541612664,Monocrystalline,15.280331549646773,62.1207891044569,16.349376074488102,Moderate,93.2674249364183,Single-Axis,Temperate,Excellent,45.10186606454951
668.3169626327732,31.74488780572978,20.086819289181914,Thin Film,20.495047878885043,92.36582606790796,2.067501845311832,Moderate,94.1296213466592,Dual-Axis,Continental,Good,79.06233775889359
945.1689523640838,,13.874899158127537,Monocrystalline,19.57666950250131,30.327859300778854,9.990561522707338,,94.62268279495949,Dual-Axis,Arid,Poor,3.7116853967400356
854.7410546587845,19.440220974034457,9.891568801199714,,22.154013359382763,22.023449203403764,6.775493429454775,Moderate,92.08658909852177,Fixed,Tropical,Excellent,21.895504834570275
750.8910311148245,22.489063032421384,40.7989777061067,Monocrystalline,22.477301435321934,13.515241149965542,18.367195041367367,Light,92.90047392221403,Single-Axis,Arid,,0.5006923494129123
784.0790550695002,46.60108763180484,11.903612602487836,Monocrystalline,22.603307133809928,80.11574948862433,29.041484484720087,,90.57527489346502,Dual-Axis,Continental,Excellent,66.76543731644203
1179.4859612952475,25.492208450356948,32.482085010653485,Thin Film,22.59004838924802,23.494339347354277,13.525107832411535,Heavy,91.97648437750104,Dual-Axis,Continental,Fair,28.791237458121813
760.3760215789518,52.09339700946357,29.345657670748405,Thin Film,15.589922261503071,91.75433568228225,23.865063033890245,Moderate,96.77836440927534,Dual-Axis,Temperate,Fair,30.137925542293704
153.97866039556902,36.240465286330604,22.615869798904896,Polycrystalline,16.026922169947632,55.59648141277951,,Moderate,92.44234166522975,Fixed,Polar,Excellent,14.88308169105581
800.9128205177454,22.12587604430752,,Polycrystalline,19.765363882051574,12.504475593223095,28.877757193553172,Clean,93.7380911624034,Single-Axis,Arid,Excellent,9.075172563015416
,25.14437101769179,39.58390828075602,Monocrystalline,19.08433453503062,56.82682528416164,8.479178238319326,Moderate,93.44610893798358,Fixed,Tropical,Good,23.220012061847523
985.2457024336117,43.092824277156765,21.105016492645476,Polycrystalline,17.91557806192231,2.089874084535903,5.179152406508186,Heavy,,Dual-Axis,Temperate,Fair,9.311114407915868
857.7645375119969,21.989243737599665,25.265657171533803,Thin Film,19.329206605097706,37.33900367284334,0.1930478509005873,Light,95.86457968617492,Single-Axis,Temperate,Good,9.566760419507048
231.30355492483847,27.343043950366344,44.33519524761439,Thin Film,15.913797064971734,56.47900897579756,6.808224654637472,,95.36208125674354,Fixed,Temperate,Good,10.301531780741001
355.65860418151624,46.317283267286925,44.159410111692,Monocrystalline,17.55405187101681,61.50058191902008,5.772941418467469,,90.19936770568384,Single-Axis,,Fair,23.947536806243445
185.03529361438765,52.36807502896658,,Thin Film,20.92276996229337,2.7771447048256928,29.41764631159761,Moderate,93.58480996530906,Single-Axis,Temperate,Fair,59.05362288983418
585.1872230145386,50.079732457714975,14.757408836140154,Monocrystalline,17.04417512519806,13.597960991728575,3.417760061724252,Light,91.82877607157332,Single-Axis,Polar,Excellent,19.65497499648548
461.61159965467596,21.411344887310285,24.00252470462619,Polycrystalline,,2.0177857456055954,8.173111567242696,Light,94.92317062163661,Dual-Axis,Arid,,74.55308690843667
620.4150110949078,58.08699035942416,43.29105396231977,Monocrystalline,19.992904866906205,91.93564347344565,4.174345391722033,Heavy,93.70478599149064,Fixed,Arid,Fair,54.45972169977802
339.69727095526116,26.405920035627148,25.068333584669706,Polycrystalline,19.429325343085516,86.76568950558634,2.1119808622238034,Light,90.54601394680071,Fixed,Continental,Good,79.04154155049137
619.7257625039673,18.059978795953594,10.686250521975849,Monocrystalline,20.324228375843276,79.87497540611878,6.033845955972408,Light,97.35268287843347,Single-Axis,Continental,Poor,53.77404614787747
798.1428209023644,39.3988843122371,38.19754542639721,Polycrystalline,,92.2674683680266,12.826709272513344,Heavy,95.4642346531762,Dual-Axis,Polar,Excellent,24.10920301651981
871.2647542338967,59.08428770960511,24.29465701102604,Polycrystalline,22.947564759600226,52.60964200783363,4.446844439831164,Light,97.33305729594424,Dual-Axis,Polar,Excellent,36.73792402601777
457.1273099553905,27.726281884000464,32.75083123198309,Polycrystalline,20.522804368296143,30.35995136916179,16.405367792817145,Moderate,97.15376255871709,Single-Axis,Continental,Poor,12.951288386468908
577.9899899167505,32.68200243790046,32.4457872612216,Monocrystalline,15.834954440394053,39.36837780147112,13.412380410393178,Light,96.23903990998377,Fixed,Continental,Poor,
1072.3125137836923,15.106045255309505,25.537901950968806,Monocrystalline,22.624911068877125,84.01416920492278,22.675594083049674,Clean,92.90201629030521,Fixed,Polar,Good,62.60542238885871
148.176894358684,24.30344848718235,41.55791265287752,Monocrystalline,15.868904461312578,10.343989510586342,25.812965369279965,Moderate,96.35489535575209,Single-Axis,Continental,Excellent,70.58045715831031
,,37.81352710198799,Monocrystalline,15.398153492699402,36.216745735686516,7.124919142955335,Light,94.16247150427964,Fixed,Temperate,Fair,63.32398217952381
155.51545525332028,51.215797497059484,40.09249536808125,Polycrystalline,17.353596681017695,,28.324263445784073,Heavy,91.79174475541456,Single-Axis,Polar,Excellent,23.3272784037144
1130.0479627861966,27.425056097896494,41.68389185458807,Polycrystalline,22.63647137885313,42.588286665169505,5.857371751964217,Moderate,94.32484892736842,Fixed,Tropical,Fair,30.94055795341009
426.1875459506094,16.47978133773608,35.687774259545954,Thin Film,22.43274163743506,15.854009837777046,28.65950805601849,Light,90.76172903461203,Single-Axis,Polar,Poor,76.88485342730218
575.9526149230503,21.21194869908198,19.553155952669034,Thin Film,15.088550688908928,48.265412440899915,11.756408933501412,Clean,94.42163401651085,Dual-Axis,Arid,Poor,30.448018443372032
548.8403349370803,51.24819041067694,5.885867801241438,Thin Film,16.051791475986363,12.8043320761746,23.62283061949262,Moderate,90.25850731058574,Dual-Axis,Polar,Good,43.085435495573925
577.855603662242,56.405457310303284,23.934309301176413,Polycrystalline,,42.8245068283557,7.531302204027533,Heavy,95.72472734056858,Fixed,Polar,Good,22.70713225128016
254.19922249493922,26.124319716426427,14.818309396149187,Monocrystalline,19.11454417054324,21.255467496761472,22.664091183496943,Moderate,95.30520515490394,Dual-Axis,Arid,Fair,34.89901152184877
247.24765655127234,32.85146693276984,30.61663040112952,Thin Film,21.572569135894394,12.024568633180982,21.680513741270786,Clean,96.40768160017862,Fixed,Polar,Good,36.32883403060928
200.97962675362604,20.85717815967446,,Thin Film,15.058982487947127,95.03721267899459,11.117406547501561,,91.34378495802576,Dual-Axis,Tropical,Excellent,23.3316800233185
718.2890802567268,23.299475001310633,18.119021359934372,Thin Film,21.161005162243672,35.32811349459838,14.296521314350159,Clean,91.7705495944192,Single-Axis,Continental,Fair,36.12752251293009
1115.1722548534112,44.56831611862617,17.438738849310667,Monocrystalline,22.39007570634963,86.13876339310208,9.108688402995478,Moderate,95.35792940899292,Dual-Axis,Tropical,Poor,40.32340972961704
901.8458531191759,54.310446523755694,15.907956477800319,Polycrystalline,19.437329893568833,61.2604202378345,0.2288021070285584,Heavy,96.9412639277169,Fixed,Temperate,Excellent,22.10913198556836
739.0385585273351,47.36914280571391,24.029104669290206,Monocrystalline,22.928597807232688,98.45833983827451,2.667775061440164,Moderate,91.97911314182141,Fixed,Continental,Fair,61.44065897712332
635.9082160727874,46.1892894888917,28.278250822697185,Monocrystalline,21.00649323031206,10.384025544690802,18.624513767548404,Moderate,93.73973583467888,Fixed,,Excellent,7.674413897469128
356.71214158434015,53.44495022521949,21.140272674395483,,19.41412712244449,49.36896755671733,5.838457701867277,Clean,92.69689317847615,Dual-Axis,,Fair,34.30542592443487
953.1473206061149,32.20109741724745,34.84740437891118,Polycrystalline,22.495979480412196,73.46397677774145,12.41906252549324,Clean,92.14098023097257,Fixed,Arid,Poor,59.93604876917824
623.5280634346785,48.55978541542422,33.54849013694302,Monocrystalline,17.097327367484958,89.27183853438136,16.73000304158726,Heavy,96.60059571291549,Single-Axis,Polar,Fair,37.36520174832989
392.9560483838134,,13.576432199239633,Thin Film,16.909488441504223,1.4046546805821438,11.638350622858544,Clean,94.89237973435328,Single-Axis,Temperate,Fair,
1072.668822487953,59.74375129017464,40.03336627369529,Monocrystalline,16.404323753679048,30.168730213189054,3.4419023315102812,Light,94.89598672219304,Fixed,Polar,Poor,66.15800094757682
966.2408786723477,46.09642952837195,8.817095882837354,Polycrystalline,15.575692322124954,52.63091581489448,9.524250942406514,Heavy,96.4205470796165,Fixed,Polar,Excellent,27.090785174602168
456.959738500287,21.641620917391357,16.055393770811364,Monocrystalline,18.38521500923296,78.03621528054519,19.603008683175577,Moderate,93.90407492792596,Dual-Axis,Polar,Fair,26.125382314781955
1059.9326891434716,21.92621529869819,6.117351573740106,Polycrystalline,21.365603247830606,60.682004141004334,11.929445440875794,Light,90.88120560141321,Single-Axis,,Excellent,31.39276800115325
116.79191181658332,26.433873751706866,43.071091675778725,Polycrystalline,19.012599426057392,83.46257232658763,28.38056526736439,Clean,96.98155614832493,Single-Axis,Continental,Poor,46.65346614815358
1118.6698968903916,17.88459007364916,15.120265162562884,Polycrystalline,22.22053274051197,73.5810767891373,7.715676559033319,Clean,92.9377444749668,Single-Axis,Polar,Excellent,57.266144492836176
862.0721377398359,38.26243997396472,33.266450752791464,Monocrystalline,22.202960117315964,46.13100365637235,0.8584028540462507,Light,96.26369356706066,Dual-Axis,Arid,Good,40.81050157905561
665.3972035714427,53.794475712469726,6.156041661999012,Monocrystalline,17.212382168845018,36.829801591264754,,Moderate,95.31577091495488,Fixed,Arid,Poor,8.973591027934123
730.0348595068606,40.04100036870143,20.932774920828543,Monocrystalline,15.746185934184762,,1.4101882520025477,,96.37465291514012,Dual-Axis,Continental,Fair,16.65202709706669
1117.3375276814297,23.867408357887363,34.058898894793934,,18.903183359673434,9.971734907830161,23.52351983599578,Moderate,97.05311784088428,Single-Axis,Arid,Excellent,38.63153990356631
1136.2469734425283,17.737456959698026,13.387117007544877,Thin Film,18.1091146003797,13.376210846738191,7.660130685614322,Moderate,95.2264044579394,Single-Axis,Arid,Good,21.212822826404114
938.0759812207839,53.124336293908776,24.110021304481112,Polycrystalline,22.69232281439176,78.43562398667092,19.553810175214853,Heavy,,Dual-Axis,Polar,Excellent,55.18040170728318
979.2768541524863,28.193419674551215,13.58423964392685,Thin Film,19.853275399526968,40.84993875491726,15.007111362232628,,95.66227438246884,Fixed,Polar,Poor,68.04919274057707
603.7091442728224,55.62323212000601,9.740458715355471,Polycrystalline,19.123438347065353,73.87524138356326,4.335508624779829,Clean,93.71729594600107,Fixed,Temperate,Good,75.72700998586562
960.0116194868767,39.02667593596499,8.420977815558356,,20.95825387688801,33.0258338889056,16.87297452068823,Clean,91.41535570368319,Dual-Axis,Polar,Poor,4.262025653561189
798.4457615227913,39.04774433220384,30.031394068069403,Polycrystalline,21.46594810581757,17.888613438672994,20.09934608335742,Light,92.71422807852065,Single-Axis,Continental,Poor,61.34167398868352
1130.2193157890918,49.90215028319592,32.0053953047375,Thin Film,18.618370314100495,80.26720131647707,6.121360011258107,Heavy,92.67619442782595,Dual-Axis,Tropical,Good,33.95108892677408
439.2568095717433,49.23746587342593,34.24189278842968,Polycrystalline,15.894891728355093,6.487141168003739,11.315262532056131,Moderate,93.45649210700795,Dual-Axis,Polar,Poor,18.12273256777538
1057.2185829578493,56.347547758206886,8.905702995686301,,15.652751292799,65.68783580999144,14.187553404443435,Moderate,95.10810773092119,Fixed,,Fair,27.69537820012904
257.7225451686953,55.38748199583675,7.985585774810788,Monocrystalline,21.94300296213781,42.97909220415619,20.878075503295317,Moderate,90.36557551599024,Single-Axis,Polar,Good,47.216356703733155
893.1278508491229,23.09202032847875,21.466389551290128,Polycrystalline,22.94973987630922,93.00886905248203,4.5986770499907745,Light,94.92372632949179,Dual-Axis,Polar,,1.471951349804071
962.3632570471339,30.13537314882175,36.68672165987138,Thin Film,15.91804840915179,57.557823693130864,0.8275998045488142,Moderate,90.0627002267212,Dual-Axis,Arid,Good,24.68645334098741
904.5793236506044,54.84799294268142,35.38100265068961,Polycrystalline,15.253405403812264,34.009137526823714,11.105085589202199,Light,91.14385810150439,Single-Axis,,Good,73.7925667796288
311.1496040962936,59.478554387184154,22.279455367445877,Polycrystalline,16.14338982556102,14.031734026799535,11.582381171977968,Clean,,Fixed,Temperate,Excellent,69.37469148376834
267.44481944217557,56.35194249843686,38.80863175673865,Thin Film,21.21784316985538,54.79244470112328,10.152855941313401,Clean,95.06619532525161,Dual-Axis,Polar,Fair,69.15451559418949
491.9375608662437,37.49837843645349,29.688049562514202,Polycrystalline,20.11734420946958,28.95804993282515,18.931571230106552,Moderate,93.07967614276676,Dual-Axis,Temperate,Fair,51.93818017541765
971.1455203847274,41.38938913163423,16.00097902577847,Polycrystalline,16.897856098523853,12.057243737464862,12.959581302043976,Light,,,Continental,Poor,52.16769428874002
555.7054023494943,52.8439474085384,15.682013162074213,Monocrystalline,15.479583951827664,60.73556769902938,,Moderate,,Single-Axis,Temperate,,35.11408948288238
237.79415803026882,53.592060759418885,14.945505504185359,Polycrystalline,20.90248153167761,31.624788501851803,6.886808919105787,Moderate,95.48791147620658,Single-Axis,Polar,Excellent,65.13181423717563
124.97313826535347,51.79813029939661,40.854096517976465,,16.855601440680495,96.26748992509114,17.85962940630166,,90.03285220890247,Single-Axis,Tropical,Excellent,51.31536490625686
525.7322943414852,59.27774813303043,19.629829154133933,Thin Film,15.386412104831495,68.78989424641966,9.696691452000412,Moderate,93.9999061076235,Dual-Axis,Continental,Poor,35.326922613532425
385.30627710885585,25.952781656665476,38.51050742771686,Thin Film,21.06521305541864,98.8063688074571,11.366433826877609,Light,,Fixed,Temperate,Excellent,
441.36702276943004,16.168048286682517,30.62743005008499,Monocrystalline,22.799118995007348,45.51357119130282,19.75858141344829,Light,92.49170731465011,Dual-Axis,Tropical,Good,49.64424361931025
1010.8650529392736,30.856462021426456,23.97966017144734,Thin Film,21.43912392427965,91.44282430977267,0.9550838633898107,Heavy,93.34338996244419,Single-Axis,Arid,Excellent,56.847855299454764
693.2422360354708,29.672910369467086,44.17680770097413,Polycrystalline,21.031233654990473,9.936441126685285,16.571126238266903,Light,,Fixed,Arid,Fair,11.515017986559231
,23.591240797790384,28.210889118024834,Thin Film,17.99693513685899,61.98865109374766,14.717138343097712,Clean,90.0548951176026,Fixed,Polar,Good,29.875332620833788
462.6621118718096,49.52776418123036,13.526786569564791,Thin Film,21.049012558664607,80.23763823006524,4.079607797989475,Heavy,93.75935365371588,Fixed,Arid,Good,63.61282342326456
1182.8675988857597,21.339430893859486,33.40198358630602,Polycrystalline,20.585809967047204,79.35477256721475,29.489594703258216,Moderate,90.47892344054904,Single-Axis,Continental,Excellent,56.00834273606935
,57.144145094971954,26.96063043075011,Polycrystalline,21.891828088678537,9.453362211461442,14.347855020543811,Moderate,91.3661194548866,,Arid,Poor,78.61050270476632
1045.8013596908263,32.10233742897462,32.010988062946836,Thin Film,18.93962729657296,61.07585169375892,,Clean,94.17688796988978,Fixed,Polar,,65.67476826476768
302.23557739965895,39.514991588121,7.086816077601066,Monocrystalline,15.268590350697792,92.25129856763272,22.147990925177588,Heavy,95.21688693227631,,Arid,Good,56.4783881024194
142.3269624629118,41.914114037471585,37.12651329548775,Polycrystalline,21.396791815018027,1.5159407300032814,19.193205855804216,Light,93.7903919737753,Dual-Axis,Continental,,48.81901803660677
485.40337213000635,43.15554895872264,37.02195557000083,Monocrystalline,20.279125334110272,14.265388031831575,27.84386621505535,Light,96.72093079353058,Dual-Axis,Continental,Fair,43.38361691403013
449.91888827781537,15.75929585774335,23.116399492514496,,22.09565562971728,97.78938612213165,23.71119510526163,Clean,96.11092470416601,Dual-Axis,Polar,Excellent,78.68218772168804
579.8667773712423,53.692529325395014,,Polycrystalline,17.894879209816605,,25.065269334403858,Moderate,97.12906805603893,Fixed,Arid,Fair,70.15185649308697
550.6289693978606,45.75965619783874,15.879724836731715,Monocrystalline,,50.570508281108104,23.414036164158684,Clean,96.82824190420807,Fixed,Arid,Good,31.488940194044797
516.2085115341835,33.45193430127344,,Polycrystalline,,32.62908177175133,25.111686114138333,Light,97.90718486854495,Fixed,Tropical,Excellent,36.447626748057765
349.44480687043165,24.295867974520185,36.18661742137351,Thin Film,21.488599906249,71.84227529912842,22.081322142629443,Clean,92.49245913140828,Fixed,Continental,Poor,72.78216130722106
132.46593688402766,17.836763031539792,26.89614503160128,Polycrystalline,20.294547072764942,96.91144666267854,12.103438019420404,Clean,90.7848137368112,,Continental,Fair,39.82124117720298
891.1744116022534,24.637039860845924,5.92378989903958,Polycrystalline,15.470421658461298,76.09185778626679,0.9187753958849854,Light,95.61814470098017,Single-Axis,Temperate,,42.34756752137233
842.5788925877341,42.92707102989285,13.343425605734645,Thin Film,20.09480998382557,70.4926119260293,1.2840517489944947,Clean,91.62081001160607,Dual-Axis,Continental,Good,33.82029106311836
,19.943160779159985,,Thin Film,18.074440952639893,56.80714052029477,18.549748126534517,Moderate,96.38678054721746,Dual-Axis,Arid,Poor,52.76000954042869
,37.503726885768415,20.197916777786617,Thin Film,21.69466778151802,47.23307989273925,20.475979053179127,Light,92.4628960866364,Dual-Axis,Arid,Fair,70.94561930753537
955.7592797815465,25.317370679412438,7.311075504500546,Monocrystalline,21.892257346080513,58.28069709546257,23.181572950938822,Heavy,92.53539345778468,Dual-Axis,Polar,Fair,64.43430812144425
891.4162908522345,32.948591789520165,24.647636009943895,Thin Film,20.07198714414938,98.36026479825459,28.485226879425127,Heavy,90.23753016040068,Fixed,Tropical,Poor,
903.099424864647,34.7473526184706,,,18.80553193597174,22.384254361108,18.54190856385098,,91.03309058211016,Fixed,Temperate,Poor,34.61515461812846
,43.244669731677234,28.285310855261603,Monocrystalline,21.05161767929841,10.981960978761858,21.670558610324292,Moderate,93.46095837288087,Fixed,Temperate,Fair,9.198224591384818
597.1384798477009,17.50953762236026,34.4049122100505,Thin Film,16.568610541193323,48.651248905567876,3.974985110613768,Moderate,94.28575995107073,Dual-Axis,Continental,Fair,34.831592581055695
374.8390711170621,44.90634477467249,26.6236249008371,Monocrystalline,21.882781092528614,62.30592678995355,16.057040568989354,Clean,97.20769716312137,Dual-Axis,Temperate,Poor,37.68789598835559
677.9910391788842,23.321235647525242,23.622613442086568,Thin Film,17.85531166909846,7.257128050139042,9.281113938438994,Light,93.16611859701065,Dual-Axis,Tropical,Excellent,71.09438756138121
591.9278074201341,21.238581336686767,7.44412595224428,Thin Film,17.848499234473547,76.48854884642567,18.947029345781047,Clean,90.2051746687143,Dual-Axis,Tropical,Fair,68.38434627661186
1181.4817424868893,49.962514027166776,34.85773169686425,,20.807892476390926,49.01101404264596,22.943301012943845,Moderate,97.50673385335956,Fixed,Temperate,Poor,76.02957258827185
185.53536809231764,59.46763847766585,25.886685199945482,,16.376838218988123,71.27883401693812,14.622855758146896,Moderate,96.06765422825028,Single-Axis,Arid,Good,46.56155080343115
519.2776240067552,21.13593331056284,11.427133666808892,Monocrystalline,21.21211318803286,99.02573590821224,3.8852957402375843,Heavy,96.92710657804867,Dual-Axis,Arid,Excellent,16.476260363590406
433.2245869928877,,5.4890051147190455,Monocrystalline,17.456497269586134,19.543359921733856,23.688572858532208,Light,,Fixed,Polar,Good,2.048811218333757
750.0457399661173,38.319701114468884,6.865975779134854,Polycrystalline,19.477526557847874,86.74084655217766,10.386918523105614,Moderate,,Dual-Axis,Temperate,,39.848554080169954
785.9241669568659,21.20097858685474,23.071659135445778,Thin Film,16.125004545847123,96.78301718718626,22.21329738210889,Moderate,91.17112395182117,Dual-Axis,Arid,Good,28.99395399636325
159.01969295534184,15.348151788579353,34.82307395539127,Monocrystalline,22.548064925629564,37.67042091175735,25.68753901937093,Light,95.01415852829518,Fixed,Polar,Poor,36.681994833525266
951.226771040576,53.13333491130853,8.711095529035703,Thin Film,18.68875635653285,11.100607947872618,18.55980312065489,Moderate,96.44813107071178,Single-Axis,Continental,Excellent,67.4010528329487
729.0042801265323,,38.92767863911001,Thin Film,19.126441644599993,85.48567828848972,5.368013322396061,Moderate,97.86752333748834,Single-Axis,Temperate,Poor,55.9936256103966
818.4895221151672,23.53799898109583,24.842865790734486,Monocrystalline,18.007024113607574,37.32235389749796,11.822687669400572,Heavy,94.03768242434666,Single-Axis,Temperate,Fair,40.7037285713237
,30.46509115271803,42.038155911484175,Thin Film,15.422770604888894,55.59063654733094,10.05021503018794,Heavy,97.14567380931528,Single-Axis,Continental,Fair,31.44765331591915
594.8245906990296,34.64025441099206,25.05443047229315,Monocrystalline,15.738763997255905,55.331984164778525,23.17222264804645,Moderate,95.55432480882934,Dual-Axis,Polar,Poor,62.365230449756226
667.7180787098308,51.235664316269514,8.532418154318172,Thin Film,17.27476545749399,51.35654191096804,5.374112751202582,Moderate,93.6821199032105,Single-Axis,Temperate,Good,6.579293026331203
559.3458371662878,50.01155048789652,27.904052318953426,Thin Film,20.027231454606852,43.33457382625879,11.025696364065633,Clean,93.59093430171096,Dual-Axis,Polar,Poor,46.22273387378857
146.15622683430564,34.33565160223763,28.814678902177352,Polycrystalline,15.371315747736968,80.16761414720057,4.66288904165208,Light,97.8623471155067,Fixed,Arid,Excellent,34.75322684974336
367.1171361920345,30.750826935600237,31.172989616351803,Monocrystalline,,85.79683615082688,11.726345449787484,,97.54378126965571,Single-Axis,Polar,Fair,62.866891575948834
124.35805800431385,51.05120916854967,36.56911246876085,Polycrystalline,20.101593391626167,84.29632182430069,0.027854506620449415,Clean,91.7151960377333,Single-Axis,Polar,Excellent,42.77027012562662
510.8624811298295,34.291016117446745,11.351171671933717,Monocrystalline,15.526733069404822,66.32021259003037,6.7191751961743975,Moderate,94.60335281064835,Dual-Axis,Tropical,Poor,25.37405249304253
759.2424357433865,32.04356493620841,15.358030518602522,Thin Film,18.985707901210223,2.261086886865374,25.349005333585186,Clean,93.89914121716347,Dual-Axis,Tropical,Excellent,20.651720007036424
885.082308486287,48.80168513198914,19.159207975658227,Monocrystalline,17.518016469664772,48.28891100586563,,Light,95.92308132054698,Single-Axis,Continental,Fair,40.53409763723368
672.305595515321,27.81760908708945,34.61605470000681,Thin Film,21.35687077557189,82.40470381402035,3.3808371276753837,,97.13161746079939,Dual-Axis,Temperate,Poor,70.97241958488469
902.9727337057006,53.27815413132776,35.837524776839565,Thin Film,19.938947244269375,79.22763106457703,0.5468611559355974,Clean,90.7195531396644,Single-Axis,Polar,Excellent,74.85426190073964
246.0927834705622,42.139058270951494,32.63375846099409,Monocrystalline,19.83163561691428,59.131289115041675,5.983174180041421,Heavy,97.920253485031,Single-Axis,Polar,Good,54.17849468914787
264.8645786453757,34.373893764052134,,Thin Film,17.024668109040565,59.17998082212794,,Moderate,95.85681450669489,Dual-Axis,Temperate,Good,24.506254162157838
920.2517163006964,43.124469579030404,30.465303005679985,Polycrystalline,,56.99378132089136,4.307441717063009,Heavy,96.40453720747703,Single-Axis,,Fair,79.67685667972849
888.5684338939341,25.613135804081146,20.824445277972718,Monocrystalline,20.410082173411222,33.71721678828377,3.6625137007947117,Clean,92.32847044868805,Fixed,Polar,Fair,32.584580819865145
468.00729482452897,54.68480648976158,34.0604027656504,Monocrystalline,19.5015526792103,76.54173552720171,13.98367897371565,Light,90.89157582125097,Fixed,Temperate,Poor,26.026012954792286
,20.93590288846505,,Thin Film,22.760042455666706,88.7178780770479,10.216492291328866,Moderate,90.29519016672755,Single-Axis,Polar,Fair,35.37603220372941
,26.426926926564242,25.145146684135295,Polycrystalline,21.429677659578594,63.086101060155976,0.5765286667156511,,93.95108557727828,Dual-Axis,Temperate,Good,
,39.289216232621804,32.31427069748133,Polycrystalline,21.888303662455357,24.791191480025702,29.929241537529485,Clean,94.89890470544468,Dual-Axis,Tropical,Good,53.234197631772496
883.4901651707249,46.92454907008813,6.66559619868988,,22.414645514706947,97.02021492899279,25.69237331680323,Light,93.81332931301091,Fixed,Continental,Poor,5.025974288130248
277.79753719635306,24.883722134117516,,Monocrystalline,21.23864765665772,94.97498810238167,,,93.86278232022111,Fixed,Temperate,Poor,
978.7010406286475,59.3121432403916,9.334170754038173,Monocrystalline,18.72399426113008,21.720169647690163,6.2715583108971495,Moderate,92.39010650965075,Fixed,,Poor,45.6577537895625
1157.2822618324553,36.251132396293954,35.55479168194621,Monocrystalline,19.053568042102754,75.94926329247482,21.64275177255402,Clean,94.31087574627573,Fixed,Temperate,Good,76.77558999356982
1006.4801858908213,46.50358416960966,5.6210098202659164,Monocrystalline,17.92777203466187,31.798106148330096,19.414666170804647,Heavy,97.72167927840509,Fixed,Temperate,Good,4.096780546975472
900.1652778949551,35.671507875284945,28.79371695039493,Thin Film,,23.858703575038177,17.423162977792423,Moderate,95.93715961985856,Dual-Axis,Continental,Excellent,8.135759879716883
1093.4207248813334,30.447686437154204,10.960747190147963,Monocrystalline,18.420912335895693,28.979616675791537,,Clean,92.19411718724261,Dual-Axis,,Fair,3.3368105807010258
307.36228036749037,34.62915453771452,30.015008244125223,Thin Film,15.922402578855193,55.88040255656909,19.14794204501119,Heavy,94.30968015117875,Dual-Axis,Arid,Good,0.9385299635004661
661.3773466265352,58.75832904754006,24.710419162972045,Monocrystalline,17.738943768075927,31.134959179340015,24.650097272006935,,91.49523387389864,Fixed,Continental,Good,77.8509511646942
568.2227770773349,25.416342983774072,42.63948965822394,Polycrystalline,,89.74759930731746,29.577722668945594,Moderate,90.67807594290966,Dual-Axis,Arid,Poor,39.971906153991725
939.756400943857,53.93445978839672,39.05053140068384,Polycrystalline,17.011921680407553,20.49684155673026,8.909253214223787,Light,95.3194855033168,Fixed,Arid,Good,68.51515657812216
246.9009032730222,26.571972206717994,10.306074487257156,Monocrystalline,20.88726346753804,95.92266969417031,15.428138455853972,Heavy,96.37000625300533,Dual-Axis,Tropical,,12.481838662138413
203.94999965803243,59.17464835787972,13.144319576323781,Polycrystalline,,27.80287406490413,21.905871938655043,Moderate,96.60434677038681,Single-Axis,Polar,Excellent,61.62602615519985
230.87200342899382,42.22480690798868,37.52276380903381,,21.630799405745357,50.70406190950973,,Heavy,93.29529004232255,Single-Axis,Continental,Fair,1.6980879185892208
460.8983312320696,42.26061191127192,20.529603033464888,Thin Film,19.784092644601426,75.35532386171568,7.789554778804344,Clean,93.75984784992644,Single-Axis,Continental,Fair,14.043603793938873
970.5115761551,35.374961087215475,40.345591928416994,,16.697596899139246,15.13234760262429,21.85447915076637,Moderate,91.32435563372816,Dual-Axis,Polar,Excellent,12.206070669017869
,47.140969329113,18.348414747454918,Thin Film,22.029468865271404,98.50805258236689,23.47612301175544,Clean,90.92914276450308,Fixed,Polar,Poor,38.176328219706654
1149.2794442878458,19.35050604202713,24.429712343390882,Monocrystalline,21.021958603643746,56.26167145689609,11.771650590342588,Moderate,92.97941430513849,,Arid,Good,59.11373460477522
1124.66572346171,35.45088127957727,32.12071451216677,Thin Film,18.610623807453948,80.87179613763398,11.151807423161484,Light,93.89087058537243,Dual-Axis,Tropical,Excellent,35.11803340072122
476.79969880344754,38.771102949817525,26.663228422018324,Monocrystalline,15.033285649088759,54.29718428746038,16.659430124095014,Light,93.11408546818379,Fixed,Polar,Excellent,76.11417172719541
209.5163030833824,51.12987063574194,7.807038868510219,Monocrystalline,19.747294260445283,33.53384405101819,,Heavy,94.9791932678574,Fixed,Polar,Good,67.32972482384798
673.2887041447409,54.823247600212845,34.363441839045564,Monocrystalline,17.425508801070535,91.13557544799734,19.44016497693164,Clean,92.57752519489756,Dual-Axis,Continental,Excellent,0.8708805927011581
561.7364106124658,58.59727709256283,31.639624531797374,Polycrystalline,22.04332175687364,81.80399184258162,7.169003832716437,Clean,90.30564293331867,Fixed,Temperate,Good,38.567109500481806
848.0330376369568,53.67170638726995,11.723552895018866,Thin Film,17.558960174400465,96.33178222725813,26.86619122653891,Light,97.85330921816488,Fixed,Continental,Excellent,31.796333832864182
732.5719557880595,40.74146650006681,12.17251652724245,Monocrystalline,18.69114993865153,16.943797349346667,8.454913832447708,Heavy,93.22720225478237,,Polar,Excellent,22.126042831202117
531.5064041754235,18.586422802354114,11.872539834654333,Thin Film,19.83947704625575,99.34259789986885,7.330593454896357,Clean,91.32677316602238,Single-Axis,,Fair,36.8274166152923
,,25.15231144513933,Polycrystalline,17.787462702540875,81.93319914897417,17.185735485217727,Moderate,97.95677812345703,Dual-Axis,,Excellent,49.309246491946006
224.69152063519007,17.58990052603515,38.22112413284142,Thin Film,16.798609041274887,90.54633048304544,4.951342354122295,Light,95.72376441555383,Fixed,Polar,Poor,69.07882055921401
243.69190185313377,56.154657317679074,12.211335323268262,Monocrystalline,15.613472639815491,91.3503325194345,21.08126954844056,Light,91.559609448882,Dual-Axis,Arid,Poor,58.222267384667155
392.43160978353023,55.89960511319083,29.380344803441893,Monocrystalline,20.86261031688521,64.64348445250992,18.251098252564212,Heavy,90.95622785321461,Dual-Axis,Polar,Poor,18.989514252016033
967.6305180909343,16.91849574929443,6.038625118259371,Monocrystalline,15.104912358817383,23.575495512818605,8.360429455952488,Moderate,,Fixed,,Poor,15.377124177766596
1124.585826469651,45.04943342309405,28.49989146332308,Polycrystalline,16.92830880905235,29.27002052704218,16.6564711384814,Moderate,96.48396962811978,Fixed,Tropical,Good,42.52088735825425
321.3943127600959,35.14399119949271,27.796880151436376,Polycrystalline,20.579542391082732,44.31407475147805,18.161674663961758,Clean,94.73943563134368,Fixed,Continental,,74.59983943992941
,57.373962537677485,8.952708229422122,Polycrystalline,22.661181114603274,20.320588565752608,17.977014505881076,Moderate,97.51833365410575,Single-Axis,Polar,Excellent,58.61423651433877
316.94127441915714,51.58186358998708,24.3712854279782,Polycrystalline,16.671569856732084,42.16472084049377,25.358223710540937,Heavy,92.0999774896685,Dual-Axis,Continental,Excellent,10.248188300202319
228.2767068373152,45.79409047991918,40.522193756267,Polycrystalline,18.728865217676052,64.60896624397694,27.282920594752586,Moderate,92.1701399537331,Fixed,Arid,Poor,1.1600109995528929
997.977269655329,29.29225983743266,33.96113698150245,Polycrystalline,17.624274939038425,,18.9348930875157,Clean,95.77481252172907,Single-Axis,Tropical,Poor,68.05016111434276
348.6799731284676,48.82093041858096,11.159462043303577,Thin Film,16.71779253692255,82.17656044516875,27.286410458669295,Heavy,91.82114847329859,Single-Axis,Continental,Poor,68.08673964140853
1109.6360742818679,22.930212643882484,29.55805281670708,Monocrystalline,15.778453033549942,80.22771613861896,2.280881448524379,Clean,,Dual-Axis,Polar,Fair,29.452663794337887
132.1624290813101,39.37451924276989,13.665304670826707,Thin Film,22.00055753054677,95.65153185024586,22.228518426179523,Moderate,95.94651947251518,Dual-Axis,Temperate,Excellent,58.92180666198706
989.845202737388,31.98152994265674,40.28644854134726,,15.834986160733568,58.12039520599889,17.113804259487328,Moderate,96.35881340279373,Dual-Axis,Temperate,Good,79.41783365061576
636.7007034364149,,17.29370474330078,Thin Film,20.08253944257175,79.48571816621514,3.4178043880098077,Heavy,,Dual-Axis,Continental,Poor,26.040318527305995
,56.625918845748785,44.755042349453774,Thin Film,19.51281312516506,4.183808017473851,28.42817027941644,Heavy,96.69255004688063,Dual-Axis,Polar,Poor,
886.1298246578788,59.58496555718425,7.088450648179516,Polycrystalline,20.25481231346492,41.1656785793135,19.031534941187225,Moderate,90.43854247271923,Fixed,Polar,Poor,16.98846254349142
929.5022893527727,18.975283750256402,19.16872267730608,Polycrystalline,20.039048823350942,73.81902702603199,,Clean,92.88166650880639,Dual-Axis,Temperate,Good,63.304804554700695
,37.58272951248777,20.94795060482276,Monocrystalline,17.939475346730635,24.632524079499404,26.202139715790334,Light,,Dual-Axis,Arid,Poor,31.425082973851243
189.670990210656,28.8641129736884,16.53028992623353,Thin Film,20.82353656187243,77.95659040220995,14.943475167298924,Heavy,91.1508021389772,Dual-Axis,Continental,Fair,56.39038517518411
647.6818361621104,19.168771069274243,16.9008038126698,Monocrystalline,17.058153949665652,21.372085969072856,7.793301064877323,Light,92.2636085634765,Dual-Axis,Tropical,Good,35.260806551817836
277.4721365900721,46.24254367919873,42.07586839236325,Polycrystalline,22.96413824773295,,15.01468640607907,Light,97.88316052487197,Dual-Axis,,Fair,19.766274936838844
208.97180376346128,32.92228334817218,40.97359703436538,Thin Film,16.060381407650688,37.895682587942446,5.3950456665079205,Moderate,93.33707487564348,Fixed,Continental,Poor,
110.50906143308579,58.9200777888165,29.584994248014166,Polycrystalline,15.980752182704073,55.54365431886504,5.805042236704084,Moderate,91.73006735792184,Single-Axis,Polar,Excellent,52.14020814145854
774.9532748944129,44.491281654935634,22.73335259462469,,19.634913666643378,9.316872493345913,4.605082733795257,Heavy,,Fixed,Tropical,Poor,65.33505649268378
478.27942016804303,33.923912759323954,25.528583136660288,,19.816018476393555,39.299396070801826,2.7186637050274873,Heavy,97.4146763811672,Fixed,Arid,Good,71.2490778288374
690.5396837501869,41.52023857671749,,Polycrystalline,18.570162989005897,97.81254823665894,0.7181827087206805,,92.07917469936919,Single-Axis,Arid,Fair,1.368326386544372
334.41594529758675,33.10424165708803,42.40397723568579,,18.55854466364845,71.10434576962683,29.721235184684826,Clean,96.00361475634693,Dual-Axis,Continental,Poor,27.940435939016183
718.3446611391772,41.963712198073424,15.80159978959828,Thin Film,16.84001595994855,77.04798653823012,12.899956440180796,Moderate,95.82736228796388,,Temperate,Fair,72.04283476540374
118.04317012890307,28.772007809464686,43.719037570789546,Polycrystalline,22.069091142475497,29.316817123003116,27.65685493686338,Clean,90.20263454508039,Dual-Axis,Temperate,Excellent,77.80595870397654
667.3741714749763,16.898277879340526,13.07151633261389,Monocrystalline,19.607656630441134,64.21561074706389,22.051752905413714,Heavy,92.20992001087036,Single-Axis,Temperate,Fair,71.09895786235
1091.616892312272,20.133741123837428,11.324457786663963,Thin Film,19.306811753046674,52.46684411220209,12.466017447767983,Moderate,94.00166062749491,,Continental,Good,63.17610067680782
977.3203292307509,30.67159509470413,25.748920256587525,Monocrystalline,18.720850931152448,61.874864896220494,2.0240371945813616,Clean,92.05537593737452,Single-Axis,Arid,Excellent,15.637210518164819
904.0433825877294,23.22846959255512,30.458820136803997,,20.615647335457968,55.36391801778967,8.066629343349605,,,Fixed,Continental,Excellent,4.142254985757998
1048.95504549721,32.62204930281346,34.580961213643285,Polycrystalline,16.269450430954986,34.4215180603812,25.165614720371654,Heavy,92.50801400386075,Single-Axis,Arid,Excellent,49.60726668338342
200.18620387509756,28.389331616807763,34.12666795108051,Monocrystalline,,51.899307280512254,21.445889200592944,Moderate,96.3479784662544,Single-Axis,Tropical,Poor,37.80719913308511
178.75545791747973,41.50132374105785,34.550765686812525,Monocrystalline,15.74173886870301,43.605007654973605,18.359850930727312,Moderate,97.30054543413499,Dual-Axis,Temperate,Excellent,46.314641121790956
917.5881841724273,27.616856141867686,34.437695438637235,Polycrystalline,16.52347829610767,67.78187581948009,1.1593190213633153,Moderate,92.41443766273224,Fixed,Continental,Excellent,
441.00589666990874,39.01037456459146,29.26982812064074,Polycrystalline,19.461350352183466,58.03027039711415,19.960096579315593,Moderate,92.17402196450057,Fixed,Arid,Poor,29.388882203807277
935.3474030148766,22.87378888477867,26.264882996574542,Thin Film,17.666528447513805,41.840253937999606,10.266380243926035,Clean,91.26416319697785,Fixed,Tropical,Fair,
620.6210577337474,51.429488441998764,7.201159252658442,Polycrystalline,16.69690616513377,16.771203882398268,10.043444342242836,Heavy,92.11104123830968,Dual-Axis,Tropical,Excellent,57.003401474594625
604.1785437987677,53.19402468419513,11.651024535095313,Polycrystalline,16.38635435389277,21.031465793906868,9.619765908375616,Light,90.42113858553348,Dual-Axis,Temperate,Good,5.976437987344397
1060.056350838297,15.52976943414148,34.84884559950093,Polycrystalline,17.688220985341232,61.066036765683016,1.8433555235176224,Heavy,97.25685497902171,Dual-Axis,Temperate,Good,76.52210413991607
125.46847571160768,16.62689940740453,19.388934813343592,Polycrystalline,22.043795671688898,,16.466984169372434,Heavy,97.48938350999887,Single-Axis,Arid,Fair,8.163930647766932
379.2379884236439,41.21544465894803,25.36566343403347,Polycrystalline,20.390474794919744,36.174219086717905,22.78660205433799,Heavy,90.94866548276927,Dual-Axis,Temperate,Fair,60.382515465612016
1019.2262035977475,45.41456701238583,31.88252949784173,Monocrystalline,16.591160657739135,22.531682795592456,28.900131679390128,Moderate,95.7218679015751,Single-Axis,,Excellent,26.448596416876377
1106.1703269720197,24.495059347879717,39.118016248494754,Monocrystalline,15.25206810488367,49.59944489531104,20.829550390416003,Moderate,92.38328932593639,Dual-Axis,Arid,,32.61082243618843
444.3499952921669,29.56348033106433,35.24885251119682,Polycrystalline,18.582874250984766,69.97205469105714,23.992546024466623,Light,92.02112668795,Single-Axis,Continental,Fair,71.87478718986502
822.0632419122037,25.02270479591459,37.813201656328765,Thin Film,21.14802591110628,20.22958111156542,14.34923493972096,Moderate,96.80152441559203,Single-Axis,Continental,Fair,50.72350934473728
1166.7603358506067,58.97823830089326,14.310313004818429,Monocrystalline,22.21838122052547,3.3521626635701534,29.2818761465962,Light,97.71408441919868,Dual-Axis,Temperate,Excellent,38.962510199681425
876.542480523389,43.55889836480195,27.384441924294705,Thin Film,22.41422049175693,23.951648228473804,18.952324155678607,Moderate,93.91301234333491,Dual-Axis,Arid,Excellent,43.22458544204161
264.80626549388677,24.603779065714072,5.836305629339678,Polycrystalline,22.520218324534113,73.45575538681116,22.326791289670524,,97.1427254198078,Fixed,Temperate,Fair,37.45235514384933
388.92330117360115,41.707267264042144,18.9842371286076,Polycrystalline,22.5742773462503,17.685590506858006,9.338938706570373,Heavy,93.58201558548309,,Temperate,Poor,53.32613361447198
382.8508378472132,45.37627026575707,16.173284414006734,Monocrystalline,15.325858354503662,5.270404770571846,26.917744142522373,Moderate,91.88580460831386,Dual-Axis,Tropical,Excellent,34.38982697101892
407.31172909090725,38.45331725457081,24.901839301764195,Polycrystalline,20.04945931223463,68.6506792627659,20.879372690255586,Heavy,91.79770601068807,Fixed,Tropical,Fair,2.244789717910063
683.0678553424348,48.42243366090807,34.71428587509423,Monocrystalline,19.40442461580526,85.92350960902864,20.211185352928123,Light,92.04357402382742,Single-Axis,Polar,Good,36.573656089069544
760.499339550076,47.49760209245442,15.607106540948328,Polycrystalline,18.407572055058964,31.33865606585139,16.429994912933036,Light,91.88792585655595,Dual-Axis,Continental,Fair,20.580546562586942
1024.9602962681124,28.466337529129266,27.877509693590348,Monocrystalline,21.452367606454875,51.657106313100314,21.735287349826425,Clean,96.83007156725955,Fixed,Arid,Fair,74.68830533725398
975.7022544881088,29.515976957746858,37.95071104613585,Thin Film,16.46071551056185,65.54936325456913,18.923555549256818,Clean,94.97815805419758,Single-Axis,,Good,54.57148498825416
,29.51884595145232,42.78077885157731,Thin Film,15.56722232277668,72.81513943620732,25.426195823542,Heavy,91.67974995404268,Single-Axis,Temperate,Good,72.36685466707405
727.3334569454275,45.846221140621644,27.58770415073927,Polycrystalline,19.25478095236955,87.43460911243238,18.16288987090952,Heavy,90.10542534256746,Fixed,,Excellent,57.43236534826497
689.0504765591312,35.21903199761147,40.71970128544044,Thin Film,21.16021443670174,,28.512777613309556,Clean,,Dual-Axis,Polar,Fair,10.78086807314659
403.64587002123557,40.674687466147816,18.83399071178641,Thin Film,21.756636276386807,86.6116433844836,8.456562561063933,Moderate,96.80918042646005,Single-Axis,Tropical,Excellent,6.252022045232382
215.70051860683364,33.40082436863171,22.568985801250175,Monocrystalline,16.962805721647797,46.13867346107076,19.21571427495151,Heavy,90.24307381279624,Fixed,Continental,Excellent,76.59817606748018
467.0431328339758,49.98442932559811,7.549634158977403,Polycrystalline,17.25207543166522,73.05423670351996,29.54619989473794,Heavy,95.57766750039919,Dual-Axis,Tropical,,72.94797479802791
169.70050643981125,38.797109418252646,8.754028041724311,Thin Film,16.044861790131687,40.71633491568126,,Moderate,94.215383056987,Fixed,Tropical,Poor,
137.64116233314067,26.075217701209688,16.509976627854776,Polycrystalline,21.97051779333478,28.565200677899288,9.860671599498927,Moderate,96.59064603008979,Single-Axis,Continental,Poor,
347.72272934018287,35.75379705536161,37.54242049458859,Polycrystalline,21.856217994298305,81.09800406671327,4.578412014121249,Clean,90.88875525830962,Single-Axis,Tropical,Poor,71.75288005205994
393.60489931985455,20.669602304065915,9.592701996527126,Monocrystalline,16.82511563217765,28.369240044603064,14.705147327059864,Clean,95.3481123761999,Fixed,Tropical,Fair,25.755371937703497
789.168972205635,34.82191878186765,11.250624952591735,Monocrystalline,15.253464757623375,78.28024699212877,23.855597298198973,Heavy,94.21376883628146,Fixed,Arid,Poor,
232.54049295436187,38.435829592699676,43.808473396341306,Polycrystalline,17.484944856070793,97.65929487467439,0.9410300677429617,Clean,94.01601872396826,Fixed,Continental,Good,61.39313894774549
1078.176237634629,57.089981917723826,16.98736194763076,Polycrystalline,18.911165027829558,31.137275280111204,24.742322853405092,Clean,92.27770894019858,Single-Axis,Temperate,Poor,29.17925183367453
106.25301522431022,33.74948987746795,42.40149066385875,Thin Film,16.21869851027738,,22.178500382094338,Moderate,92.12969072019014,Fixed,Continental,Fair,73.07489929061782
382.1339771027731,33.22507569470682,42.3707276238268,Monocrystalline,17.01828832663759,57.808857305040824,8.942395071117472,Light,93.22046831537739,Single-Axis,Arid,Excellent,7.481620449396015
838.547134328499,20.154918272155868,7.390946840859214,Monocrystalline,19.223442747499455,31.151114691513722,22.785650206489585,Clean,91.36086340903337,Single-Axis,Continental,Excellent,73.80051988054541
889.947440559306,30.158681503326676,21.872932367090854,Polycrystalline,22.600895892210918,51.633914280313874,18.142474571125984,Heavy,,Fixed,Continental,Fair,35.48814055867347
531.1589312421489,28.833726408918007,35.26518665485315,Monocrystalline,22.522171629778747,20.428581562930564,3.0929801370369514,Moderate,91.53895629618808,Dual-Axis,Polar,Good,
572.0141837662093,58.813100056694054,,Polycrystalline,17.958134070884537,97.19476863621844,27.9496328695764,Light,97.73881496866107,Single-Axis,Arid,Poor,18.160430684641476
356.0780208492206,40.21730946891353,19.23751606546938,Thin Film,16.01054641480377,57.1145543693386,12.123169281195334,Moderate,97.20080648517936,Fixed,Temperate,Poor,77.71256388218508
1167.3909915325942,54.64915774661657,7.1654820946098186,Thin Film,15.305132154930012,88.47797944243122,,Moderate,96.78767159005149,Single-Axis,Arid,Poor,73.87276026374985
1145.0496087944566,46.619214676023105,27.536630387441644,Thin Film,19.609571189581764,57.66676154374419,26.88641880417454,Clean,97.7127703962154,Fixed,Tropical,Excellent,10.169095900024978
225.57006732869917,31.907931660014548,21.54601443908031,Thin Film,20.21344531525586,30.777947102062203,6.244643192788265,Clean,94.72810443972298,,Polar,Poor,20.406057452209932
275.1110496549951,19.423379901961034,,Polycrystalline,16.519565623783745,37.55802517726677,21.397270017674472,Clean,90.4718894337105,Single-Axis,Arid,Excellent,44.741670043025564
836.1445186387939,17.649450810167135,,Polycrystalline,22.500693502083173,87.12124524622948,0.5164953787854221,Light,92.94247460638867,Single-Axis,Continental,,64.07677244297484
218.64973483124334,30.754009221794234,32.54311959816907,Thin Film,19.07628924645406,76.13227066362685,13.657193304382883,Moderate,97.09825345548634,,Continental,Good,2.30230326745821
979.503399320374,36.00695735825289,42.742075707931924,Monocrystalline,15.984555698641344,75.60810393752064,,Heavy,96.54720166702093,,Polar,Good,77.46855895433578
1140.7025628256342,25.087782306816703,6.824796210305517,Monocrystalline,17.965610618163204,76.10966216826834,18.810709666461413,Light,,Dual-Axis,Arid,Poor,57.18797893417855
781.090612497048,45.02570610412278,17.678478225700204,Monocrystalline,17.50128399964138,4.5340540917630285,7.223662400203499,Light,94.0164594451908,Fixed,Continental,Fair,24.26888953536525
247.12348255501934,15.08418956718054,6.187222162816899,Thin Film,19.243659016028847,69.07286941075276,17.389123061407,Moderate,92.15882635642735,Dual-Axis,Continental,Excellent,42.01804532527579
1148.7870658805616,40.95609890072884,15.673509632832175,Thin Film,17.508495773951722,32.80683825485339,27.5250290903369,Clean,92.94678902890854,Dual-Axis,Tropical,Poor,76.53323200041284
971.3101496670545,43.8787214388954,20.457388177638236,Monocrystalline,20.365236804836357,54.350597243789274,16.33687270217013,Heavy,97.03192473733316,Single-Axis,Continental,Excellent,47.87506020981561
307.3348429471283,35.068693511921325,26.59974975018047,Polycrystalline,21.260005460460256,29.027137657559216,14.380598946734667,Moderate,96.43425595322597,Single-Axis,Arid,Poor,22.64237100714674
983.0835899252141,25.60805471807449,19.963574331806765,Monocrystalline,15.019942427835074,34.62341752355188,10.540030636473507,Moderate,95.11484836782479,Fixed,Temperate,Good,65.4926019368109
225.31517351185636,,30.472468576286413,Monocrystalline,16.378855213750796,43.18845416009042,,Heavy,95.38056304653222,Fixed,Polar,Good,14.58606844595193
922.6187890021233,45.774504339650605,22.142379082861034,Polycrystalline,18.468488176557173,86.46596676272831,7.361280313903958,Clean,91.06737494398776,,Polar,Poor,38.759425135929
731.1063025095677,25.044793701072507,,Thin Film,16.903518323318917,8.653826328099703,26.971712948119183,Clean,96.05867153942779,Dual-Axis,Polar,,31.615073875443045
1189.4637767803597,32.7101609647261,14.993942960124933,Polycrystalline,18.24060292147468,57.00913820144326,14.27865204619486,Clean,94.72635361161637,Dual-Axis,,Poor,64.21648295215195
312.65421468422403,51.917958669736926,27.7041205595415,Thin Film,21.05716652990052,42.665685601554614,8.670002002267585,Moderate,96.55784876385339,Dual-Axis,Tropical,Excellent,16.269428306565082
758.7801626612943,45.50740029611458,13.460303464429026,Polycrystalline,21.165697125331505,9.294551935216937,8.582887341326273,Moderate,93.102130341187,Fixed,Continental,Good,1.3347066038025432
1069.1610780863075,46.63497809943589,31.180218769508933,Thin Film,22.567738063434817,43.389837086426496,27.302256480985875,Clean,96.41441575045758,Dual-Axis,Tropical,Poor,50.06762950030083
900.777554003626,19.32679685449077,44.90507414602091,Thin Film,19.038390265429378,55.55821930928212,6.49480842813883,Heavy,91.27728894919221,Fixed,Continental,Fair,31.37615681297803
316.14521339640316,50.57981893361928,13.655084225698712,Polycrystalline,16.746884899816,1.6950161127454777,5.329927147422229,Moderate,95.00475734677546,Single-Axis,Arid,Poor,27.26434864886966
,34.189244801241685,43.14622602276792,Polycrystalline,18.341507583730877,76.88546903343547,0.2926714317752832,Moderate,91.56141998692529,Fixed,Polar,Poor,66.69144600026092
444.94286959419816,51.20781308951283,24.864820598948466,Polycrystalline,16.542042581501924,17.173246165558325,20.75000629407073,Moderate,91.3326441901803,Dual-Axis,Continental,Poor,
482.9434904811027,58.11728264483645,23.401791252941276,Monocrystalline,,7.919940051394924,26.595560223187434,Moderate,93.97132783524843,Fixed,Arid,Fair,61.92536386357043
230.9020386990126,42.773947025844635,22.348629957363407,Polycrystalline,19.409039429568228,58.644419178825444,,Clean,90.94326626425156,Dual-Axis,Temperate,Excellent,42.06974439972372
786.1440454490947,34.24697745445846,25.838664281750475,Monocrystalline,21.912123340670753,26.80248109962469,7.482816693727244,Heavy,97.95086592469077,Fixed,Tropical,Excellent,50.12659068298971
776.4219928956295,,13.27354236977639,Monocrystalline,16.263498686970987,44.03004189940238,11.911775596438844,Heavy,90.84772591350668,Single-Axis,Polar,,56.09298575868894
764.3795235731346,29.172513649819326,34.68874525635392,Thin Film,16.48768456923962,31.269966178633073,14.719178182504152,Moderate,95.86812882984206,Fixed,Continental,Fair,50.263148512476725
416.74638637819686,32.979248369212016,36.687504481596484,Monocrystalline,16.593422223761042,78.65461478729415,6.80246771824149,Heavy,93.47958097553186,Dual-Axis,Polar,Good,61.41239068017904
259.74051776928343,54.76869482486044,39.53178376837108,Thin Film,16.10318815902938,20.710543399823127,25.95795488466644,Clean,90.25798968712621,Single-Axis,Polar,Good,37.64795334553717
489.2802799630527,36.10226643051669,39.13361582763575,Polycrystalline,19.905212634015214,,26.708121378065332,Light,96.46143858601042,Single-Axis,Continental,Poor,32.26840569631286
1096.9719356202277,58.596916471513296,32.47931847831196,Monocrystalline,22.938359986117266,48.7951341458386,28.432492602991143,Moderate,96.40896678087597,Dual-Axis,Arid,Poor,20.83203697926566
1034.185845423433,16.644130488458217,31.90210218372573,,16.628367734481735,72.5611894486756,7.567621236087978,Moderate,97.10655103888502,Dual-Axis,Tropical,Good,1.0235567892588988
792.320340045037,28.964352604632527,28.8803041339721,Polycrystalline,15.851356534765305,91.90728976327665,5.993290515019254,Light,95.46273772660872,Dual-Axis,Tropical,Excellent,62.61048401322585
508.3486455792184,59.6585580780385,9.226833757717605,Polycrystalline,19.278132302029487,,6.979214400829897,Heavy,96.59477390113962,Fixed,Temperate,Excellent,29.267208616725927
353.229361020699,25.91222461443264,37.9284194632883,,16.030722997191496,18.394043623884656,21.281289672976044,Heavy,90.96200927133476,Fixed,Arid,Excellent,7.334788047185359
764.8243736757175,20.57852727223336,9.248974571303217,Thin Film,20.43588647723357,9.596364646830123,23.100140450951987,Heavy,97.74057875769668,Dual-Axis,Continental,,35.87811473999041
317.99515658706446,29.646345425943174,17.818026720774924,Thin Film,15.922821987907641,35.610341150447496,21.790788743279577,Heavy,96.75874173813855,Single-Axis,Polar,Excellent,72.39124755752374
1001.9643836794296,29.2134352335627,25.011143497245556,Monocrystalline,18.231625860011157,84.71796871633917,29.30467468049907,Heavy,90.12085338175493,Dual-Axis,Continental,Good,33.7113399615641
361.1786525980654,,21.865122632133577,Thin Film,15.061485525031125,43.98494398250999,24.50231681069762,Moderate,97.54426442821942,Fixed,Polar,Fair,68.68467622935552
501.2560379606666,48.52408576812329,37.966988140781794,Polycrystalline,22.53246057504593,32.755291643009,20.304890309863385,Heavy,,Fixed,Polar,Good,14.925889760136336
504.08190071412747,39.059615058404134,30.982500571655102,Thin Film,18.07434941248269,12.389016869631096,29.287545208040815,Clean,92.63737806656906,Fixed,Tropical,Fair,78.42358365710346
811.9499108651928,16.415024259578722,8.136511320637712,Thin Film,21.083616263058673,63.045323696675936,24.379527408062152,Clean,96.24857666847298,,Arid,Excellent,39.99262970080137
859.0511942959442,39.92962744771053,5.526752275918967,Thin Film,22.54637150945371,15.587332258545281,0.7721542411167304,Heavy,91.55570408595706,Single-Axis,Arid,Poor,21.170917566565183
1188.9102880971445,38.984354221977185,33.115180253872154,Polycrystalline,15.044267321195719,76.33019663893195,23.907323032066135,Moderate,,Single-Axis,Arid,Fair,69.40276657279222
388.9395323068617,50.516145788840866,41.4790005933931,Monocrystalline,17.16231223948197,18.48838365020467,26.088542351615743,Light,97.12906891403516,Single-Axis,Polar,Excellent,79.49813915254049
183.1795944014882,35.01192040460376,10.093245459215932,Monocrystalline,15.346513451758877,30.50006189985862,7.197571297954283,Heavy,93.04823417273627,Single-Axis,Polar,Good,21.725500756434453
903.9597467630309,41.58093357827848,14.3186337801854,Polycrystalline,19.398152618448382,39.28535444367707,24.419485105495152,Heavy,90.52694167504245,Fixed,Temperate,Good,21.81927521061487
610.1976001395412,31.980376881474097,20.213643705174306,Monocrystalline,15.023999361683583,71.09411347691281,5.388334510270113,Moderate,93.22792362508005,Fixed,Polar,Excellent,77.36260300349193
1175.4915727767434,22.379541725329354,16.845562064543355,Thin Film,16.479355160621395,56.09489365770829,16.991663485807674,Moderate,94.81786333833156,Single-Axis,Arid,Fair,56.24801758144842
342.82336762998636,50.581089755236604,44.634878310692486,Polycrystalline,22.36114857104556,73.33058238133968,22.757797555951985,Heavy,,Fixed,Tropical,Fair,42.90075352709278
1110.240512583187,41.81484487207092,29.676101024991326,Polycrystalline,,77.25125786954955,14.264219564743923,Moderate,97.48680313511716,Fixed,Arid,Excellent,
963.7506779643497,31.114120076138533,25.33208775573145,Polycrystalline,18.538935703443702,65.27317959711672,0.15720532418817768,Heavy,97.62673381279896,Dual-Axis,Arid,Good,19.20371801149575
344.3180731258917,54.789242805712945,18.043941115090295,Monocrystalline,17.912358121758146,,22.038147858805818,Moderate,96.93476447726503,Single-Axis,Temperate,Fair,64.28298771340972
1197.008887346929,53.09465836278373,13.760686960788187,Polycrystalline,19.029867358910494,70.5695319086591,20.555944902512874,Light,90.40003526291714,Single-Axis,Arid,Good,
419.7261189547828,34.94213772494622,44.300470713226105,Polycrystalline,17.729074344937047,98.95843893435928,5.38117644968886,Light,90.11745374304485,Fixed,Arid,Good,11.621231410041819
794.6110948014567,25.24600863706399,13.191515625501125,Thin Film,20.39676051655429,13.080724869629929,19.267798353766683,Heavy,97.27736667425663,Fixed,Tropical,Excellent,42.67141979028599
193.49854382071385,23.093137538167657,34.93994470575609,Thin Film,15.19777722886648,52.54055453746391,5.90382503018001,Light,97.35983023259051,Dual-Axis,Arid,Fair,26.357311175021717
490.29916398460335,43.57543247065664,41.524588334917034,Thin Film,18.984210204781924,47.99872792324411,15.62934991079307,,97.28696270083961,Dual-Axis,Continental,Poor,68.6991218735782
199.40368026386835,58.44167209312023,11.679660744056847,Polycrystalline,16.115410009664572,35.97196298865901,20.168304601197146,Clean,90.88957743113754,Single-Axis,Polar,Fair,44.24965000205226
966.5626221590162,16.03063331735595,33.37403363920993,Polycrystalline,16.286732899114696,86.07317182958927,13.46727637048742,Heavy,93.04489120943768,Dual-Axis,,Fair,39.3937251652884
,25.249677377075542,37.80963719833202,Thin Film,20.41619988103153,9.414330373514339,28.29187502454593,Light,97.38639028599601,Single-Axis,Polar,Good,53.57100488907147
,33.48947372883067,31.823404408214515,Thin Film,20.69249224167155,33.00872064334451,23.54162375170546,,91.65142376443873,Fixed,Arid,Poor,71.5555414463593
547.2896828114541,53.07448314838018,19.78722919816134,Polycrystalline,20.9331496962334,46.5194779184824,27.962618275051916,Light,94.68290011769669,Single-Axis,Tropical,Fair,62.52439329605212
677.7324689144322,48.833702732683335,10.567388097552541,Polycrystalline,16.736601310756562,94.81090557047864,7.4669376933513165,Light,96.83003260792694,Fixed,Polar,Fair,15.652844065919338
1159.903246842321,19.32299143377822,12.469141086545754,Polycrystalline,17.880890041970584,16.78331396262152,21.681399177757886,Heavy,97.9210357814702,Single-Axis,Arid,Poor,37.67863172626523
1096.7260339114455,53.17623968139292,35.79420490511263,Thin Film,20.968637756206633,38.00632347372243,18.379723990973154,Light,90.17525860789574,Fixed,Continental,Excellent,29.511854492378568
797.8911595098281,32.86304756218172,26.043217353009073,Thin Film,19.518441349661916,4.612579243541164,,Heavy,97.46002711413104,Single-Axis,Continental,Fair,76.5410384894011
708.3567946448594,26.967015212552724,11.968431227376254,Thin Film,21.538056781542686,,2.47918431984567,Heavy,93.78399274686463,Fixed,,Fair,32.591826734225315
1050.8485590579771,47.480065854935454,39.061192600183404,Polycrystalline,18.729720166129997,92.17571248560668,12.191235638688717,Moderate,93.76717572394982,,,Excellent,40.35245346467921
230.80636650536212,24.790711369725763,21.731430742055778,Thin Film,15.158952463763526,50.59559023242307,3.550418005109861,Heavy,96.43806339863619,Fixed,Continental,Good,46.67039299339853
270.15332164661015,35.298609968274945,42.827078707085704,Thin Film,15.716477133266316,26.138346109747733,20.51202047106549,Clean,92.39504504430406,Dual-Axis,Tropical,,20.868241751887993
809.6884750671223,20.59516988367278,38.70882278633353,Polycrystalline,16.54739563601781,58.08052629651569,1.2770672798159144,Moderate,91.61819582872292,Single-Axis,Continental,Good,40.30768136644424
729.5800872186435,59.39372720728181,41.755367772435164,Monocrystalline,18.41925394671719,59.63195342179853,10.43337113672673,Heavy,95.94305091341457,Fixed,Polar,Excellent,10.377737486134311
796.0025330401905,47.183300778413695,42.98597536805013,,21.345821699059503,23.502528285256776,9.32840570796627,Clean,97.99604910671852,Dual-Axis,Polar,Fair,31.967508995571738
156.11334075989637,41.743300877274784,17.9902713029772,Polycrystalline,15.847832371688902,88.02735603223947,25.307447458244848,Light,93.74815613724435,Fixed,Tropical,Fair,79.56714909339586
854.45235539153,33.510178416361946,24.74089585239058,Thin Film,21.080010901414095,28.572070245069348,1.0141484136079149,Moderate,94.87784999649686,Fixed,Arid,Fair,45.633291332098764
950.6942806555656,28.46760220326721,,Monocrystalline,22.02723084641956,49.33588343409646,21.25578280774545,Heavy,94.3925295800799,Dual-Axis,Arid,Poor,51.03164587779771
689.9407468506402,33.20841544265989,40.706803317814526,,21.07667939600608,42.204401169036785,22.759634914098548,Moderate,96.69261709955835,Dual-Axis,Temperate,Fair,47.227785818609
572.6442458486899,21.73713450133468,12.489989052388196,Polycrystalline,18.386527936039993,40.89714188735788,6.91560829944486,Light,91.67202408041548,Fixed,Arid,Excellent,3.9779990946858703
1191.0795177713794,29.206914429687714,8.322648262602126,Polycrystalline,22.087684716478876,37.01647921293271,0.2307889253145845,Clean,95.39084602903495,Single-Axis,Polar,Fair,65.19543269973728
115.20578247708401,,5.677971104824926,Thin Film,15.740648631902411,34.15528660785581,14.576136660999454,Clean,97.25126560679021,Single-Axis,Temperate,Excellent,20.16600157015679
810.1296686432763,58.6702278098589,5.000089091828288,Thin Film,18.69348705075943,85.10691454547873,10.337493542859178,Moderate,91.4163858327362,Dual-Axis,Arid,Excellent,11.0630830296036
349.6618221886413,31.359243159435263,13.01821949234203,Thin Film,22.127093698002163,47.97361905232312,17.221782129567245,Heavy,94.40710424902804,Fixed,Arid,Good,79.17320742279315
571.8992088280196,38.29192752513595,32.587587080644724,Monocrystalline,19.16406370420848,79.72340435016328,12.4566814696828,Light,92.8428370695476,Single-Axis,Tropical,Good,59.03020388550479
1128.4412273252979,27.160443085875748,36.47293042371187,Monocrystalline,20.155611426811735,,14.258006358691745,Light,93.71588764724666,Fixed,Arid,Fair,72.70298754377518
705.3692400340901,,35.19496038164792,Thin Film,15.664349122103186,81.01140278588508,3.176705193024981,Light,95.98241259436041,Single-Axis,Polar,Good,29.29681183458156
1057.5427647987233,,24.658794468602242,,15.296134274531997,34.1888593043289,19.357185852324193,Heavy,93.67898898793833,Dual-Axis,Tropical,Good,36.484937410093394
737.4031721412357,30.18703294219973,,Polycrystalline,17.132979097038508,58.63615941487541,13.193667736088182,Moderate,93.17677332734215,Single-Axis,Tropical,Excellent,33.3497010906333
1048.0538010021921,55.401156052248,15.452422895804915,Polycrystalline,16.61864705041205,53.6347387437109,5.3935875918321265,Light,92.72258116456376,Fixed,Tropical,Poor,43.11233252040426
271.0968107702654,27.464437889063355,16.686480429442703,Monocrystalline,22.40853829040934,80.85139920706618,5.023282435177531,Clean,97.7674593854418,Single-Axis,Polar,Poor,73.40341268783911
499.41497936669253,34.31741370834429,20.555504684196514,Thin Film,16.216475818803197,52.73820285526147,25.0738778387631,Light,97.83034848233922,Fixed,Arid,Fair,27.429050292320845
506.946719624649,16.246930950465885,17.127571085989615,Thin Film,22.05002763188429,14.676285353236468,19.56303165663598,Light,91.14607745412405,Dual-Axis,,,77.16921912208102
818.8524907881215,31.142996582144804,38.15846108351646,Monocrystalline,19.045059001956584,64.69002853374332,12.57922177904532,Moderate,91.79836954257665,Single-Axis,Polar,Excellent,11.177927143118039
761.8369547128032,55.9996636942723,27.75437122895695,Thin Film,22.698226898085128,48.42749470083516,10.349337542801369,Heavy,95.992288729613,Fixed,Arid,Excellent,58.645838287809866
,35.279425802504115,22.174225678972487,Polycrystalline,16.598610938181583,87.39313586710898,20.6318509608596,Moderate,94.00781723523926,Single-Axis,Continental,Fair,73.59896387713044
164.8616727327132,54.90261594268985,28.757740641430463,Thin Film,18.563391278810926,,27.342169537629186,Moderate,,,Polar,Good,50.34549622818017
705.9356280920532,50.790879680208825,9.329457277972253,,21.74755259061272,52.40451877373616,25.735525265578097,Heavy,,Dual-Axis,Continental,Fair,19.798293234182267
953.5596512030538,31.648018340143167,41.68486460378847,Monocrystalline,15.746536241539971,8.682060639296546,19.122263134379182,Moderate,94.89313269138067,Single-Axis,Temperate,Fair,27.10924572352499
746.6624927734088,56.40650703264854,9.676063174317013,Polycrystalline,22.734622889480203,84.41823096225674,12.170194803680586,Clean,94.2905360453698,Fixed,Temperate,Fair,32.691235360780006
379.29581446616146,23.39857739841527,29.53426774761905,Polycrystalline,18.935543571365553,55.818769976920315,15.879626345233133,Heavy,93.35662073886044,Fixed,Continental,Excellent,49.877955809630706
680.9399757869535,33.42735863842055,22.253623419340588,Monocrystalline,20.21188549107538,39.05425613893493,19.351928657210163,Clean,97.69129481827838,Dual-Axis,Polar,Fair,
,40.51532522153134,36.0830647992925,Monocrystalline,22.63423113383972,81.68443169865203,12.223420949759179,Moderate,95.77399818237821,Single-Axis,Temperate,Poor,13.282187633896159
1094.1796410267966,,24.01214602194973,Thin Film,18.80969178235523,33.445538040992716,,Moderate,91.96763068673167,Single-Axis,Tropical,Good,63.277689808747205
359.6109874322214,50.59022781510425,29.004814291336636,Thin Film,15.14754632508523,26.917327912977623,15.680769625114566,Clean,95.29721172687755,Fixed,Temperate,Excellent,39.900814594506656
853.1857190747049,28.49309419768226,29.187034028320078,Thin Film,17.552916266957528,94.53249165961732,11.580448918397648,,97.19999460322164,Single-Axis,Continental,Excellent,9.112422764324243
513.2329526219514,36.998873903022734,30.920495499222955,Monocrystalline,20.33225480078142,32.90733043583034,29.669938150303704,Heavy,92.92345712455833,Dual-Axis,Continental,Poor,56.83493377492935
1132.5761324717719,51.60270343840955,18.626860112492242,Thin Film,16.677351832607727,61.27950632774686,20.713837432080474,Light,96.20500907981052,Fixed,,Good,12.139953906434094
700.9663314255587,31.370961441474414,32.41219067936834,Thin Film,18.204225090868825,91.83920600296504,4.259465833548046,Moderate,92.42764501459433,Fixed,Polar,Fair,15.655129970521132
807.3825438122673,56.683886828489634,34.31426614772824,Thin Film,22.888520433835073,39.492012839273826,12.449753366319303,Light,95.68702850109979,Single-Axis,Temperate,Poor,5.394472235586749
246.7953581347542,29.279072959356885,,Polycrystalline,16.716921762958876,29.675197360571982,4.624118060811617,Heavy,94.0471056433672,Single-Axis,Tropical,Poor,38.867773001923844
650.8503256734023,27.815157994646817,22.262313497692247,Monocrystalline,17.17345077022566,34.76310881212919,28.410944708831916,Moderate,96.50444109303442,Single-Axis,Tropical,Fair,
816.9003294680691,52.65610456851726,9.461752772250529,Polycrystalline,20.445840489323768,42.95951472584159,16.215572235160455,Heavy,92.69368725898622,Single-Axis,Polar,Fair,70.8770200513735
923.896954721209,55.778037593704425,40.8762702580447,Monocrystalline,21.08711726039966,19.55041790828602,14.414312817154201,Light,96.73834214294388,Dual-Axis,Polar,Fair,47.94369655879778
955.3690886573881,27.505445651720994,15.010528043418766,Monocrystalline,20.24786390735519,47.31745814491539,0.6658118459954465,Heavy,,Fixed,Tropical,Poor,
305.5158262214269,53.44350190631035,39.33430315987464,Thin Film,21.936512050303854,79.23325774602327,24.28544322934144,Moderate,94.62485764216929,Fixed,Continental,Good,61.17698763548926
537.7132059498088,37.824370185100676,35.931802673827306,Monocrystalline,17.15342543820745,72.91553934942488,29.476063933605523,Light,93.59662033763117,Single-Axis,Continental,Fair,24.63556198764039
622.5251753632579,28.0059262659968,15.432268946055917,Monocrystalline,16.114787387642778,64.46920402654067,15.87947792479799,Clean,97.16123000422066,Dual-Axis,Continental,Excellent,28.910521766834034
738.2713229897313,39.78774755864052,42.89388830486046,Polycrystalline,18.72452468840186,36.26747456046825,9.928071566305151,Light,90.25135023925571,Fixed,Polar,Excellent,
978.1845310516378,,10.73180008005378,Monocrystalline,,7.557172385147371,18.0109745958997,Moderate,94.62655610380915,Fixed,Polar,Good,35.828808620463796
1045.4964161017765,24.113231723994446,,Monocrystalline,19.923706406493405,,6.486989392352312,Clean,91.53421675658468,Single-Axis,,Good,16.02347363393951
,20.18614303482891,15.608357852643202,Monocrystalline,15.613395491250639,20.60817646638799,11.54621642838689,Clean,95.29595682794624,Dual-Axis,Tropical,Excellent,11.695344567572086
,42.564953357523336,38.56563127289017,Monocrystalline,15.417134984198626,,1.4537994388517106,Moderate,96.384713998397,Single-Axis,Tropical,Good,30.127074305994984
1177.084177992593,19.672057945734938,25.93345542435327,Monocrystalline,17.269542547831694,58.119141332198225,20.392072951780925,Heavy,95.34307639016384,Fixed,Polar,Excellent,40.415008479408726
1189.8223616483926,44.150142302324355,24.55772842726862,Thin Film,22.28965658296087,75.4027571439296,21.43303961885728,Clean,95.56558497469088,Single-Axis,Polar,Poor,73.29092988224781
633.8785154814268,54.4850043604706,15.527897680221896,Polycrystalline,20.865911900111364,72.88366876973659,17.761220612115753,Clean,95.41817545119396,Dual-Axis,Continental,Poor,16.814652394102865
468.51016550908304,28.409361065749657,16.97667897383392,Thin Film,21.351651969673863,,19.589820163596848,Light,94.75892185005696,Dual-Axis,Temperate,Poor,39.06451772808813
595.3943769697103,50.36499425768769,,Polycrystalline,20.9315628882473,85.63653325370944,12.106232151779047,Moderate,94.98561357175065,Single-Axis,Polar,Good,74.14542888866195
861.8541578898489,22.46321816500933,26.707785094131356,Polycrystalline,17.758876714026844,44.4207994088406,10.501955592831047,Clean,96.78884230722147,,Tropical,Good,55.18914504525008
328.3347518749764,51.79032435052333,11.314995174673456,Polycrystalline,17.559232208205884,23.490734799518016,3.7490687535594125,Light,90.54414164998076,Dual-Axis,Polar,Excellent,10.90278370884601
695.5805325091817,28.490394581812062,20.55009364466025,Polycrystalline,20.88081692277716,88.96946272386667,,Light,92.54438617829653,Fixed,Temperate,Good,39.37729351521995
328.31099836095586,16.44934543928522,42.93367620533988,Polycrystalline,20.429108437493817,,1.709017365477894,Clean,91.40188864265204,Single-Axis,Polar,Excellent,15.611834243191337
969.2895804871375,54.276900691257474,27.06670436210134,Polycrystalline,18.445486656000003,45.35561829474178,19.874113925239488,Heavy,96.4410203023902,,Tropical,Fair,
725.4275213605382,25.406751437425598,28.53239203083671,Monocrystalline,17.73216271817081,92.67081061616925,15.159796650465209,Moderate,,Fixed,Continental,Fair,50.974034689937575
346.3587942887813,51.33153658215776,27.544462032914467,Thin Film,21.54041202418017,5.6142090301625975,8.3268184623182,Light,96.32493118444617,,Polar,Fair,43.596364806033314
675.8514867522146,48.56813509971276,33.09156356006805,,19.532818136833633,71.1048225034832,13.663436832154662,Heavy,,Single-Axis,Polar,Fair,13.959768476554858
526.2151981440861,56.88518623747175,38.33476580402547,Thin Film,19.5663945811259,43.608394398409445,8.393595590716853,Heavy,93.72120871129783,Single-Axis,Temperate,Fair,54.689680403373664
903.0332984318223,16.78679932206425,44.75878504336406,Polycrystalline,22.149412295477678,55.33132781684175,27.268881097501925,Light,90.44424546791137,Dual-Axis,Temperate,Poor,56.41784959974939
1156.1501754183241,19.70036463305929,27.536843534408035,Polycrystalline,17.54565347720744,,29.022324211885493,Clean,95.26047472833386,Fixed,Continental,Fair,27.39370196361865
208.37129536024702,34.894782095822194,24.923272691667712,Monocrystalline,20.99858208595062,88.77029087252043,6.850791176794867,Heavy,95.79463571894142,Single-Axis,Tropical,Fair,44.72231751683956
333.4256510071703,44.57648784677656,22.06157653710504,Thin Film,18.60519676726021,,29.598126316406564,Heavy,96.76003141234408,Dual-Axis,Arid,Poor,
1064.1824134531298,49.655546530677476,25.082729938413273,Monocrystalline,22.534533421308872,50.945274995440116,15.989043369753945,Heavy,96.09101806088717,Dual-Axis,Continental,Good,59.808930518507246
263.8432702214964,50.05268414676457,17.51499935284359,Monocrystalline,21.01036892338324,34.136513840431434,27.7326655331923,Light,,Fixed,Polar,Good,28.123116603395257
147.37101004694333,47.01249930653752,30.21435702963414,Polycrystalline,17.338463881733396,32.68396745822987,8.339177086050364,Heavy,92.02811951250474,Fixed,Temperate,Good,38.35649336559823
293.5474873548508,38.09560268656747,20.289409701818254,Monocrystalline,21.867662184733742,73.1839202120526,5.593268136267483,Moderate,96.01906411640903,Fixed,,Fair,27.59283230290943
744.2213430050788,27.669941019515072,41.36640528311307,Monocrystalline,15.76984589059995,79.58221351047457,14.518999442021,,97.30253075297371,Fixed,Arid,Excellent,75.19387334250422
642.4913120103039,55.74826172495071,,Polycrystalline,16.373015208184597,65.55433417569188,20.20799257124542,Heavy,93.8493088834225,Fixed,,Poor,36.589207301580835
1133.4868329689161,24.42492699753366,26.925732601480313,Polycrystalline,16.91132664668803,55.8538535432616,7.072897745590407,Clean,97.742834906702,Single-Axis,Temperate,Good,41.48846752317344
867.3065796458541,17.926091351035424,20.735711261117448,Monocrystalline,20.38158636387584,,26.893106856671114,Light,92.61253258534408,Fixed,Continental,Excellent,68.13068832314933
557.4998983747148,44.095039608044985,6.516692401444919,Thin Film,17.03693803453529,11.593168899920704,24.624164092235112,,96.84398808294783,Fixed,Arid,Excellent,56.13589929525113
709.5110441951331,42.02235742149837,35.3770693196994,Thin Film,19.020812753863456,86.39428331090261,8.026798661221768,Heavy,94.60092794887983,Fixed,Temperate,Good,48.12250961352519
389.4883514271336,50.30161363781344,8.341153398209112,Polycrystalline,21.19610812674558,30.28068559039209,1.1312497229111318,Heavy,93.54641775726844,Fixed,Polar,Poor,49.642326202990624
195.62608076158375,,29.523531449668397,Monocrystalline,16.017927143625037,70.38043336192675,12.972648684958978,Heavy,92.20700206593348,Fixed,Arid,Good,21.30910181850843
1028.929528963366,43.61238643632401,8.468629688708198,Thin Film,16.981874769341847,85.41941429300657,18.98608985284831,Clean,93.79725096430226,Fixed,Polar,Poor,65.0076573826065
799.9015076721031,55.01352421309852,35.1565630343333,Thin Film,20.349325217110817,68.11897571339286,27.074271851735613,Moderate,95.41929142489009,Fixed,Continental,Poor,5.136958154766348
492.56330098746054,58.31364802692961,13.12298777429942,Polycrystalline,21.212764609638583,62.843577295505156,14.117422129718339,Light,95.42196816155925,Dual-Axis,Tropical,Poor,72.19795822384613
1182.8218377836322,50.695229511078104,22.623337212754706,Polycrystalline,18.479123525242063,32.13131690244612,8.688180356794078,Clean,96.19220351761129,Single-Axis,Arid,Excellent,10.77326255592403
640.3582441613701,24.429123922911764,44.08694132886704,,18.027195781342463,7.1755152393106645,20.164925939589935,Moderate,95.22820161573775,,Tropical,Excellent,9.111232020166305
995.7389404765695,49.35135072547253,7.215364758421665,Polycrystalline,19.753290845165346,35.80023663452447,0.16988242712601798,Light,96.12543610312434,Fixed,Continental,Poor,71.98536261139205
189.51229406459598,47.77925734802189,35.25260423511199,Monocrystalline,18.014119650610553,65.97261775142987,,Light,90.352543514029,Fixed,Continental,Poor,54.62631425807203
965.3303583497166,51.32775006277362,17.242697098942585,Thin Film,17.159692127673587,93.09459556648078,2.0870460049665396,Light,92.8548086778471,,Tropical,Excellent,26.62543386447392
884.7566061550244,42.97261445237707,36.64235020223282,Monocrystalline,16.241397334937236,13.039806469177208,0.8062760662571089,Light,95.05908427991504,Dual-Axis,Temperate,Good,33.752329526546305
1071.7978973762044,40.44891114361724,39.561917095108804,Monocrystalline,15.833751304762302,24.15262168110101,28.985394609964377,Moderate,,Dual-Axis,Polar,Poor,34.35352655219782
634.8601890644924,20.027479026197362,10.857473473469831,Monocrystalline,21.1508990046023,22.54950176422433,16.7943060188465,Clean,96.3336580066142,Dual-Axis,Continental,Good,0.9742962039084264
1023.4359398377101,19.871817650216087,27.193010246390855,Monocrystalline,21.655047794436936,47.31663048837867,14.772186604210566,Light,91.14751897690994,Fixed,Temperate,Excellent,17.788391604114942
1179.6434676689585,58.89884870302837,6.051077220340524,Monocrystalline,22.199119713387113,57.89740587638323,10.511408580437681,Light,94.08250904808325,Fixed,Temperate,Poor,10.503975955380426
249.76015922440294,23.83799174041966,5.9511132676864475,Monocrystalline,18.296009006906825,19.711781696652334,20.448710217822903,Clean,92.5351371574889,Dual-Axis,Arid,Good,14.240297017850823
680.9329841552086,18.660951419938115,21.400422953193296,Polycrystalline,20.64234412550911,99.40133259404118,21.53989615190832,Heavy,91.98760932148144,Fixed,Continental,Poor,30.11920154313454
,35.85635774260153,16.60436108696836,,22.031626410471496,37.06836247027355,18.158279274201515,Heavy,95.74946770805114,Dual-Axis,Polar,Good,
844.9366515572798,55.91950710059698,43.715711162850354,Thin Film,18.734546316644288,83.81236351600444,26.406571415891527,Light,95.85925148085367,Single-Axis,Temperate,Poor,48.213882376698805
1193.708228388105,39.76362720920231,17.50506231413411,Thin Film,20.22602136805339,46.808496791704414,20.982615904608295,Heavy,92.67642196612935,Single-Axis,Arid,Fair,
497.0268891932011,35.945858991670946,39.97585407683353,Polycrystalline,17.00453880432994,94.77996404011527,19.712464405989785,Clean,93.7353343489507,Dual-Axis,Temperate,Fair,66.50265743475106
829.9200858440277,52.955098684679456,9.916450558779225,Thin Film,16.645397844106537,,18.00885486094527,Heavy,96.5232465841084,Single-Axis,Temperate,Fair,24.438544684939078
728.8598039669462,54.476194587796726,19.051513386380215,Thin Film,21.36359069428247,19.673424254749705,12.735165995804586,Light,91.1937613248225,Single-Axis,Polar,Poor,37.79992066969061
497.37188401812676,40.002055072505485,36.090980863599,Polycrystalline,,21.311458800894513,17.439288119340404,Light,91.48209440538827,Fixed,Arid,Poor,42.94637482545296
663.9136151678135,53.537120831258996,18.95108606947792,Polycrystalline,15.923636659979785,41.59775709128934,14.314493603270304,Heavy,94.38182209342354,Fixed,Arid,Excellent,
1134.1972707377172,27.992673724925055,35.312161893735954,Polycrystalline,19.546786092539122,64.44196736778386,2.424772982822013,Moderate,96.44314294918482,Single-Axis,Temperate,Good,34.327543129797625
327.36854472785734,19.690007392509493,18.479844262814872,Thin Film,15.083161440638758,54.36543558106224,20.404801962595148,Heavy,96.29452565365456,Dual-Axis,Continental,Poor,67.12356699391039
1146.4651181060872,38.39695235872303,43.13169183425821,Thin Film,21.943450906215325,85.93180232150948,12.561832660493273,Clean,95.7986134968909,,Continental,Excellent,61.93374453835831
206.0738156207708,35.73610515734374,22.44275345165883,Polycrystalline,20.087628223019756,71.58703634203493,17.189264410742577,Heavy,97.21554218201494,Single-Axis,,Fair,62.42813207561847
420.4803475080382,38.16443617542831,,Monocrystalline,17.89224665286335,82.04993293217014,27.431959019922296,Heavy,90.35605458823414,,Temperate,Good,35.073572853366905
223.72869331123056,17.15314186063628,11.615010871023044,Monocrystalline,16.95185229248826,6.275970296576561,4.893711372821134,Moderate,94.75544343205162,Dual-Axis,Temperate,Fair,71.77207588114109
1112.2993310629777,18.11768924513245,10.75433793805792,Monocrystalline,20.905302155766744,34.95630616605543,19.509741197469054,Clean,92.58089663276287,Dual-Axis,Tropical,Good,52.028851353100116
651.476486736713,19.562738113195024,15.508091225320143,Thin Film,,60.12010909480931,17.791759422700814,Clean,92.49270585272593,Dual-Axis,Polar,Excellent,16.470056979532124
486.2390760747048,35.12451172378986,14.279107422183955,Thin Film,21.496011045274614,12.385181156135676,23.907149369985223,Moderate,96.76221464415536,Fixed,Arid,Good,34.75881414322723
998.8957053015599,50.52292183982128,13.953015465632479,Polycrystalline,18.18243598906684,43.89892411147295,27.762697310878195,Clean,93.76216496318236,Fixed,Polar,Excellent,38.81546855353808
499.0635501464532,20.999083827030553,26.43475618750296,Thin Film,20.973511915605044,34.20442404835611,2.341312306944711,Heavy,94.69828501211792,Fixed,Temperate,Excellent,9.339964179334554
310.88009322733285,33.09696427297631,35.222640353677136,Polycrystalline,21.614303642776022,7.685432489046583,24.688904802671857,Light,92.84603669332384,Single-Axis,Continental,Good,27.154757511874223
931.7889578745818,28.89895484762533,11.965104218751073,Polycrystalline,17.42884735319399,6.372741354741194,14.371993288264605,Clean,97.59228933329545,Single-Axis,Continental,Good,75.18638451046756
903.7525884236146,,26.725357168481626,Monocrystalline,22.054489918514758,44.70858508001248,27.08966000886062,Heavy,92.75914455271446,Fixed,Arid,Excellent,68.6524084193879
477.158245742444,,38.73640478178618,Thin Film,16.781057300569998,49.582108413992906,18.868197185016946,Clean,93.26085645654432,Fixed,Temperate,Poor,
112.23024554245958,40.158062062218804,29.817089993781927,Polycrystalline,15.688817096671666,31.415599361553312,29.264674763575204,Clean,92.72622667598529,Fixed,Arid,,74.08086066359327
114.22250019247002,41.925142137299076,44.188234731056596,Polycrystalline,16.098397304817954,22.094493465714955,29.28600989744035,Light,93.57455547661094,Dual-Axis,Continental,Fair,25.602428684737333
332.9836255785812,25.003278869180754,28.18344212807663,Polycrystalline,16.297761966362483,9.700482110316148,13.658093878061193,Moderate,92.93634861652944,Single-Axis,Continental,Fair,40.09327963262743
449.66716587368785,23.46695753892778,12.17515698391149,Polycrystalline,20.69117578439121,17.871050108809538,11.585606080687723,Heavy,93.03220476681642,Fixed,Tropical,Excellent,1.0941364681495735
1122.8902609351528,29.265113722200276,24.76422249591199,Monocrystalline,21.038359329952744,61.67672978334731,9.622799054045974,Light,,,Tropical,Excellent,57.214230220042545
443.5357290342227,56.53079806152317,39.42964740751013,Monocrystalline,16.479595136373845,41.49401894439337,,Light,91.67802452187743,Fixed,Continental,Good,73.584021579976
,17.18078616730576,13.127234809346376,Monocrystalline,20.887973897779446,20.000212063811464,1.8568473427387966,Light,96.20082683167928,Single-Axis,Polar,Fair,59.753095384877774
660.0971150292256,27.179336907102506,27.173253156901076,Monocrystalline,18.94842141025494,14.05331338341327,23.030555806869508,Heavy,97.77731577242025,Single-Axis,Continental,Good,49.29265302170267
563.5187718969269,20.227458045176135,18.403879330354556,Monocrystalline,17.509926965505684,3.100382016072998,25.53592702726758,Light,92.64905586792669,Single-Axis,Tropical,Poor,38.388368892362315
874.2317400977832,53.45780742360342,7.702763635088115,Thin Film,19.401085714783203,28.737610224094837,27.236149697246635,Heavy,95.89064241753518,Dual-Axis,Polar,Fair,66.56730785387904
625.0443502600219,52.123750665880294,28.18346895505931,Polycrystalline,16.838051009215903,7.450204688659925,28.4292995991433,Moderate,93.43099862626941,Fixed,Arid,Good,50.791140161246354
197.1759066680321,23.665413659532025,23.180236999186636,Polycrystalline,22.774874104692973,69.49938872588973,0.20146523569704478,Moderate,97.59409029507904,Fixed,Polar,Good,71.9781820423136
749.9598000736743,15.16900463070858,35.87378488178702,,16.33456815264679,12.882536454537135,21.072785896166263,Clean,90.49588686998692,Fixed,Arid,Good,19.6343529546418
499.7660312085281,42.87987076306817,35.115230605080704,Thin Film,18.55861048496017,71.12473399622124,15.03182055893001,Clean,97.50009396978608,Single-Axis,Polar,Good,38.93231680373048
138.63788566388953,20.77830544980271,37.129282436932975,Polycrystalline,21.45519479958597,59.091077012911846,29.041894043187266,,93.69779705683787,Dual-Axis,Continental,Fair,39.45774236892801
683.6575438996233,45.31660601487385,37.108196231672736,Thin Film,20.72804055493232,,3.109032862941712,Clean,97.44531841120167,Fixed,Polar,Excellent,58.427817870079274
303.84823746894165,17.222094811732404,6.32251410016893,Thin Film,18.490823268633513,42.1761717108709,21.396218793153686,Heavy,92.36491781102612,Fixed,Continental,Fair,47.4159381844977
101.65126203390965,23.771623516857638,44.422281151026894,Polycrystalline,15.362864525377205,16.24615777354767,6.600817853749216,Light,96.861047587182,Fixed,Temperate,Excellent,69.46891209395741
392.56058045288677,43.96119397533674,21.556101611650828,Thin Film,15.797616070818925,34.78325045202804,16.98717230644757,Light,94.86070520545837,Single-Axis,,Fair,
661.4510342125819,,28.886968903125627,Thin Film,22.39555824315118,6.930089729877481,16.637800757531586,Clean,90.72537891728547,Single-Axis,Polar,Poor,79.75803237178141
635.6640526701367,19.888806456052848,37.24623798741923,Polycrystalline,19.721348034823468,49.25452780878284,,Clean,91.2827715673508,Single-Axis,Tropical,Poor,65.70853724404613
140.58310269701997,32.19161101178001,30.78179114197146,Thin Film,20.54541267485032,18.127344372436283,11.846697804471194,Heavy,90.85215496748242,Single-Axis,Continental,Excellent,41.18776944443011
205.54247136904627,26.26094424938615,37.627409244577606,Monocrystalline,22.128168630496237,79.14880197837111,20.058150282295315,Light,91.49868025543094,Single-Axis,Polar,Fair,54.72399013015571
1185.0548157865264,43.61220760482108,35.2376304176151,Monocrystalline,,88.66226480130295,,Moderate,90.93656203011123,Single-Axis,,Fair,75.45308436621676
415.2175520638185,17.966033202956396,9.460786529900922,Thin Film,17.9459373260402,32.40426736016589,0.40713674459265103,,94.11911771509561,Fixed,Arid,Fair,64.78761080242435
681.2935711195277,46.781802700318224,8.537348648079849,Polycrystalline,20.030363874242166,14.071965006019898,21.120448375748566,Heavy,94.58929097094239,Fixed,Polar,Poor,53.876326989557334
709.4604874263431,31.059342260637298,27.839919659308453,Polycrystalline,22.642668512403766,33.71819405744829,28.910972235020303,Heavy,93.73459415221326,Fixed,Continental,Excellent,46.32659277433071
982.2610561242328,24.588050083135013,18.899593573889938,Polycrystalline,19.148827764134406,73.56231781638844,,Light,96.2591030557235,Dual-Axis,Polar,Poor,10.05245562503349
925.5088888731536,43.35071149183122,43.81386113902564,Monocrystalline,15.149712505277837,47.7285441636851,13.62664413353787,Moderate,97.9282811403408,Fixed,Polar,Good,25.52214685643202
335.1442136243685,41.36689437714962,16.32203725713902,Thin Film,18.664054954583527,57.303645802622874,7.859548266885432,Moderate,94.45713755359365,,Temperate,Excellent,39.2471966055732
332.324645182703,19.42063152927774,21.435853573557964,Thin Film,20.873882437132018,90.97015764451037,25.161486105022778,Heavy,94.31900221359548,Fixed,Polar,Excellent,5.459127886073118
918.0501863955581,47.20195220974203,15.32473691983817,Thin Film,19.305497804266476,92.98016370981155,18.790056395060432,Moderate,97.90697013181149,Single-Axis,Arid,Fair,55.87052524675401
1089.742314136379,54.18660983605972,41.4839008767633,Polycrystalline,16.305383967209327,97.87870146987346,,Clean,93.48318722515972,Fixed,Temperate,Excellent,7.950650462516207
694.5512384564435,26.306753087918516,33.808843357464085,Thin Film,21.953685599869743,4.854062871231226,20.98092743342222,Clean,96.30242747165721,Dual-Axis,Temperate,Fair,50.695608654812084
253.4710680798159,22.677535407397745,13.072278087588764,Monocrystalline,20.478211483461585,39.32609928119787,29.239872264088948,Moderate,96.2028119617233,Fixed,Arid,Good,73.78517934528932
810.5314090273232,22.344737711776386,18.475656967255652,Thin Film,20.000798107222863,15.270491693653494,21.405577944110615,Light,91.21170649646515,Dual-Axis,Tropical,Good,21.055306844503853
461.32297009258957,33.09925818716471,9.42751649707846,Polycrystalline,22.841675697977816,82.03451402602377,26.70830571540809,Clean,96.57989945769803,Single-Axis,Arid,Poor,5.025711028735777
825.4508737753695,23.983618055430107,9.645279760349093,Polycrystalline,18.958452188036343,71.75559014446728,3.9500705759147667,Clean,95.40292838323931,Dual-Axis,Continental,Excellent,27.237140395752895
573.8872722430222,34.147879834501126,6.850421539185554,Polycrystalline,17.544934577809094,49.78232588878265,6.011045260454548,Moderate,97.68003162479964,Fixed,Tropical,,53.13362742382971
359.0227652001926,50.37450460478796,11.827728534146193,Polycrystalline,18.22126146035827,96.62071760807763,23.734127746988783,Moderate,91.3443607558552,Single-Axis,Tropical,Poor,67.17035944084847
,53.15097978474147,40.078137508243266,Monocrystalline,22.532677981466776,90.96841160918362,22.525412470191593,Clean,91.2058290926241,Dual-Axis,,Good,78.04976151771024
482.09146239553195,33.755319831469116,14.497817434288045,Polycrystalline,22.740067887154172,65.43941690488656,6.717409239719242,Light,96.77232293387063,Dual-Axis,Polar,Poor,43.811677912186134
341.79119166559167,34.4316127577981,33.20217422701706,Thin Film,20.884288672653465,40.26704012642636,9.768477957779204,Moderate,94.85880815731784,Dual-Axis,Temperate,,15.673811371564796
966.61857956234,46.23150336292282,22.68924118204293,Monocrystalline,16.28171124872175,2.306736209480759,12.340507594777087,Light,94.03213148555747,Dual-Axis,Temperate,Poor,62.30775017986055
389.7724243357126,17.66120879643105,13.455498368497363,Thin Film,15.216442092583058,2.417724339029131,5.247248479219272,Light,95.57475674432294,Dual-Axis,Temperate,Excellent,25.877634344973885
343.79315046058144,29.574023944006953,24.749499984864745,Thin Film,19.98564829711002,64.59337102683295,29.177057359813933,Moderate,91.56996045398931,Dual-Axis,Arid,,18.602262202516275
660.077278771229,,43.13173520200603,Monocrystalline,17.40487665208317,61.98975048134334,13.6101931217869,,97.74193973635705,Single-Axis,Continental,Excellent,31.438220460322775
431.5857516936833,41.06618762670253,33.44861498683518,Monocrystalline,22.654520520259233,56.95787812097819,29.900213773828934,Moderate,95.60938394440603,,Arid,Fair,33.46036030138785
836.1819172555959,30.862139255269085,20.735119521767782,Polycrystalline,20.63459210192736,13.670535033293282,,Moderate,97.18785558812309,Single-Axis,Arid,Good,64.54177545320054
470.75683583244836,48.43198656117857,41.652087343162634,,17.781217384333328,7.919564307400589,9.845112258143395,Moderate,95.63102802980832,Single-Axis,,Poor,21.12175337783607
690.9079433200944,40.34118511451321,8.112327533276375,Thin Film,21.25742322488812,69.83364251735941,7.992532080108326,Moderate,97.78595325614693,Dual-Axis,,Fair,64.96194616633548
203.98809775662508,,40.013844096891205,Polycrystalline,16.170449006978856,35.386322797329285,7.950054958893956,Moderate,95.06281418372377,Fixed,Temperate,Poor,0.6307397732581455
618.9725655183248,33.89593776573449,13.16916680455364,Monocrystalline,16.24902449204335,76.03938882414326,26.137378483386847,Light,95.22771882556312,Fixed,Temperate,Fair,56.457614013524385
804.1617428844685,50.999385452723715,15.689390841242137,Polycrystalline,16.59606010679981,83.96388432420078,4.123657770727242,Light,91.87192923364685,Single-Axis,Polar,Excellent,29.96505923554643
845.6553434778816,46.69694361427773,35.48649349031477,Thin Film,20.608740507998583,,26.62881028511202,,,Single-Axis,Temperate,Excellent,3.2665491607930264
256.5204044873205,35.379417013330446,11.543742296546977,Polycrystalline,17.67835072099795,34.64728628634796,,Moderate,93.41895907522857,Dual-Axis,Arid,Good,45.50106068764995
917.3830856467865,47.62378260970986,42.14240216755877,Thin Film,20.501614796399252,74.50663205894215,13.871570713325243,Moderate,,Dual-Axis,Arid,Good,55.06289799833921
,48.572717138249324,26.257281050959378,Polycrystalline,19.51039453888772,94.00431355906174,8.241354155980723,Heavy,93.84153634760887,Single-Axis,Continental,Poor,4.353161475310824
687.8621386985267,27.680057061590094,36.45317342534856,Monocrystalline,22.60857252563412,65.64277579328015,28.81185915614892,Clean,92.29225475474023,Dual-Axis,Arid,Good,31.748106543968746
,30.69809887141879,15.712686241424972,Thin Film,21.484946939521585,24.054123089071275,19.78367796090059,Clean,94.36708721479347,Fixed,Temperate,Excellent,49.92691427946038
880.7371368578503,16.93910133029969,12.153129394898276,Monocrystalline,17.03499110023348,87.27102543961381,7.207505023084617,Moderate,,Single-Axis,,Good,11.604033161369623
451.8737991685515,25.85794176595717,11.071332915624282,Thin Film,19.70903659524895,3.5004494223570024,14.679833966611241,Heavy,91.02734301972147,Dual-Axis,,Poor,78.16360799116389
122.2397774200843,56.700464502233395,40.48633540216728,Polycrystalline,19.938154500158163,40.09048257399178,7.757271253486221,Clean,92.90727079752293,Fixed,Temperate,Fair,58.27999643946042
,51.086123485701975,35.32149801221638,Polycrystalline,16.174596725239905,,4.600834405339792,Light,97.49461469435441,Single-Axis,Polar,Excellent,78.62550962756241
,16.2856911463523,24.88558964888911,Polycrystalline,16.729611805507922,69.87645519743403,14.245891007183065,Moderate,90.5264980146242,Fixed,Arid,Fair,68.76185784830489
110.85250243975034,24.919003908429026,33.32364789238863,Polycrystalline,15.640004306167537,16.047475127122787,19.504845599699323,Heavy,92.98309478838597,Single-Axis,Temperate,Good,56.31456940183875
245.36135029691377,38.12606294404812,36.13328229369619,Polycrystalline,15.264046931253258,32.40964569431665,,Heavy,90.60757422495053,Fixed,Temperate,,16.503058923683398
1158.1515701115113,34.54755437884088,6.855475203765131,Thin Film,19.289198309181636,53.11838656919205,28.397779862867957,Heavy,90.33985159727006,Dual-Axis,Polar,Poor,35.13674303055205
,50.59056001152509,12.716214520325222,Polycrystalline,18.782486480964963,67.99161185852444,19.253032280557846,Clean,95.41687529761775,Fixed,Continental,Good,76.23711975184088
692.165175803719,36.949356614630986,28.598117615882657,Polycrystalline,20.448575548665524,11.147329626736814,26.672649567437567,Light,93.76476901327347,Dual-Axis,Continental,Poor,
394.4691724331792,34.948522570930386,14.99694443663448,Polycrystalline,21.651583238727156,94.9495992808827,26.97891090675242,Clean,96.4544129692368,Fixed,Arid,Excellent,52.465609767505406
402.9769385321178,,38.562958153973156,Thin Film,15.964946615792513,19.434480330676674,14.511137412131497,Heavy,91.81629056750586,Dual-Axis,Temperate,Fair,37.11437522854797
136.4219860734434,28.582567623182957,42.28097753050202,Polycrystalline,20.447736601605463,60.586387122987375,24.156921153940118,,90.46602182090547,,Arid,Fair,35.184762524489756
1009.337669775787,24.809146317269057,27.236123776943426,Thin Film,15.588403229108929,46.69137115593701,12.159921214883596,Clean,97.35837960621633,Single-Axis,Temperate,Good,34.448382471133854
1091.7295116353048,58.37824601280142,43.0477557267689,,20.217529776039672,33.4167209414221,27.841159363189657,Heavy,,Single-Axis,Arid,Poor,
844.3692745354551,50.1757842283028,18.51868103375161,Polycrystalline,17.083283588354284,94.6012943765153,9.487389851494278,Moderate,97.73995649205087,Dual-Axis,Tropical,Excellent,36.61169822820518
845.0831417906435,25.25610920316185,5.427739060307779,Polycrystalline,17.071744053620982,36.98058987672644,3.4686169896671815,Moderate,94.15280004263877,Fixed,Temperate,Fair,
684.7315878282335,26.739150774306196,35.42975411278351,Thin Film,22.867979991110975,80.22436981845081,5.16804549018784,Light,91.04730592417889,Single-Axis,Temperate,Poor,46.87324262177385
1138.0298715447345,41.61321941736486,17.851880960051396,Thin Film,16.266994080720707,60.94154508319953,19.67224540418601,Heavy,91.4776958207525,Fixed,Continental,Excellent,66.9283754345494
744.4497257500473,31.90215106963638,11.145499778004243,Monocrystalline,19.760118222922856,90.01551872171832,5.570455153746549,Light,93.86516988971067,Single-Axis,,Fair,64.96391394012635
657.899414645122,27.330010643757326,,Polycrystalline,22.37563587889902,55.8816762189404,8.856999016980694,Heavy,95.75736152641247,Dual-Axis,Continental,Fair,52.97073118530762
125.73459576929667,,31.551588372854326,Polycrystalline,19.423928192279085,,0.39028249510420276,,97.81016066843071,Fixed,Polar,Good,77.08476343549975
1186.587368799365,16.11380932811059,13.728220608385291,Polycrystalline,19.75818290959191,81.54730906389715,1.038972177164167,Heavy,93.61191764941393,Fixed,Polar,Poor,15.078780616670908
1199.1263378003023,17.47129679195218,17.01462870525832,Thin Film,22.417528272446948,55.339995252405146,17.076031842347305,Heavy,90.97420144873166,Dual-Axis,Tropical,Fair,20.327886823793136
160.80197620451844,52.179601206031876,39.168292496431064,Polycrystalline,19.448910589387385,78.41274533375184,4.904282285561299,,91.6955260906693,Single-Axis,Continental,Poor,0.5709303134382262
,18.84720979115139,43.07183050447816,Polycrystalline,19.960221482598303,42.319414749193086,,Clean,93.22526575585076,Dual-Axis,Temperate,,11.968047516441155
714.6051596841799,15.585880164444912,23.40124438512321,Monocrystalline,15.056445338881314,59.82234557261539,20.720269871358237,Moderate,96.7111129323605,Single-Axis,Temperate,Excellent,34.07649128743347
676.3955147209144,37.864202812796506,5.059173941046113,Polycrystalline,21.691725446911803,50.3619872027584,7.176813149796529,Moderate,91.07508957457887,Fixed,Arid,Excellent,30.37165279414685
105.92684250650042,34.82276078604782,31.791427003237366,Thin Film,18.14777052382742,23.94196330752296,14.100058483237245,Clean,95.09646927467834,Dual-Axis,Tropical,Excellent,13.206584760141626
,39.384423598656326,36.067726146253456,,16.211920706469105,95.18108896252565,11.722762638389415,Light,90.57337534565427,Single-Axis,Arid,Excellent,13.70132344966414
240.4747349318925,51.38527033340779,,,21.143179000184162,64.74036160444207,24.144498429902693,Heavy,93.4578131574212,Dual-Axis,Tropical,Good,73.37869544089314
773.0223031243854,20.464126143845775,24.715790129648482,Polycrystalline,20.548260182018147,50.31541972771038,15.511975120373311,Moderate,93.38261283350266,Single-Axis,Temperate,Poor,79.21348880571634
590.184162736201,49.65847881538225,23.945638607703152,Monocrystalline,20.252886828379978,37.90537612581347,23.838804436206928,Moderate,95.9754886245399,Dual-Axis,Temperate,Fair,79.80018385198186
899.0073281307723,23.944301265505363,32.69308357269202,Polycrystalline,16.20029624248951,68.54017481917823,4.693903403420604,Moderate,93.86403068355658,Single-Axis,Temperate,Fair,62.8643474461065
827.3900791543277,24.5233849828424,30.673524654433347,Thin Film,18.22741075191102,5.695056111681212,5.6622822509554975,Heavy,96.09474069756715,Single-Axis,Polar,Poor,77.57975944137262
110.06183463745094,23.831045307960643,14.484275607943662,Polycrystalline,20.923858066937758,69.70272278955444,6.4204159659689255,Clean,96.99468521906913,Dual-Axis,Polar,Poor,23.554338711869434
486.1189751583565,32.41571756127659,24.975203619480784,,21.809348210600227,24.83246848715184,20.038345077701447,,94.1641830070171,Single-Axis,Polar,Excellent,61.94071421599925
427.24063274403875,40.150966208651326,28.937298624345974,Polycrystalline,21.01304696481839,,14.998403501161743,Clean,93.2533954156497,Dual-Axis,Tropical,Fair,40.06298877615607
854.1898544418643,24.757673816324505,10.273963893205792,Thin Film,18.18378673073529,51.43838593768713,13.744541192715458,Light,97.56877632153922,Fixed,Arid,Excellent,62.08323770875522
245.1677008277866,40.02138411220322,15.36423598393828,Monocrystalline,18.493231225090135,24.405934542001493,23.607797689357078,,91.17058418196106,Fixed,Temperate,Good,23.652534927563845
136.37633203563604,21.439974109609018,37.92061054428268,Thin Film,20.106920405090957,,11.86049210766542,Clean,95.43692105236687,Fixed,Polar,Good,28.045509771046895
1127.8122481937435,19.849487101236033,6.020186380893522,,19.84959650222142,90.57957742150626,8.617888578061445,Heavy,91.04985591842508,,Tropical,Good,77.98454237975787
909.6477601015943,56.32900471183088,10.711394027685358,Monocrystalline,22.0524995050909,99.33078804386429,18.79625405495849,,92.98601927637995,Fixed,Continental,Fair,44.565637964327365
835.4389600591978,18.19747424210377,15.128957451322922,Thin Film,20.875929172313374,60.1514783314509,20.948491708484397,Light,91.90027242701971,Fixed,Temperate,Poor,54.96194923381369
438.0614478481246,54.73123092425931,38.11316802737667,Polycrystalline,19.79567996808897,79.86498124519129,2.616945294683002,Light,91.56404156827327,Single-Axis,Continental,Excellent,54.877471098484
278.59421794395087,29.06324417497953,14.069527923617402,Monocrystalline,15.745127492402897,19.457962425240005,21.51469121641789,Moderate,91.31315588910677,Single-Axis,Continental,Good,16.931050711074047
442.56005305873884,33.7056124069606,11.933278518777657,Thin Film,21.855307400019008,18.663241740785114,15.586147752390927,Clean,94.15281440069084,,Arid,Good,47.739606376202346
153.41041243770695,30.208693891945956,23.4255338820575,Thin Film,21.75672994801772,95.75655615827374,8.537275495030855,Light,90.9088457764759,Single-Axis,Arid,Fair,24.089308167143514
734.4619442948663,16.572874186238373,25.23150179096872,Monocrystalline,19.12330926063707,88.08532589537296,,Heavy,,Fixed,Continental,Poor,15.527276629260344
886.2480051983681,57.74058905845928,12.322878018619559,Polycrystalline,19.827045416630337,56.43551024527407,16.59571266298764,Clean,94.95045326205711,Single-Axis,Arid,Poor,42.68183814580397
103.98717002874265,52.74016195296159,21.04411606859586,Thin Film,16.350853071495134,16.50780045797152,21.721864869592743,Heavy,,Dual-Axis,Continental,Poor,53.14230829300706
521.5060661892104,34.609103697254305,9.912979120518632,Thin Film,17.845494633082005,15.780199291839581,21.683006161101375,Moderate,97.96716279695454,Fixed,,Fair,5.576486197865087
351.403262235831,29.464395943163126,10.02821318576299,Polycrystalline,15.437846279247449,7.2318519410733755,26.65412087296305,Moderate,,Single-Axis,Polar,Fair,21.002254579836645
665.3046590716193,40.70135216564849,29.583437846990467,Polycrystalline,22.999274586193504,96.09255624904169,23.059844642828708,Light,94.68832258851896,Fixed,Arid,Good,65.57874191891808
525.6128602842924,23.3390619702384,36.33507785243005,Polycrystalline,18.210150885511574,90.70042667558386,0.6462173639054303,Moderate,,Dual-Axis,Arid,Poor,50.28014527965764
947.8161133354175,,31.507987299480497,Thin Film,20.129241078134225,85.98391552768837,4.772197464361826,Heavy,97.41360932099114,Fixed,Tropical,Fair,10.797490629810348
1091.863346174425,42.51453480160768,18.55526137417247,Polycrystalline,15.309420618656139,33.6562937492372,19.800018338104405,Clean,93.5052895791433,Fixed,Temperate,Poor,51.94380815424087
198.97996412198472,18.03257704018377,38.722069815136415,,16.464515121666146,17.17847910357679,10.787360545313396,Light,90.52093245815593,Fixed,Continental,Poor,6.078153525556776
727.738310387927,49.359181254973535,44.53982215788402,Monocrystalline,17.70763024277872,24.560732225672144,28.41478222365508,Light,91.08416782140775,Dual-Axis,Temperate,Excellent,58.301822831774146
1175.9886719181561,25.252298481454584,36.12879617948252,Thin Film,20.362010050089278,53.92265154934935,11.174412110917766,Heavy,94.29925967252399,Fixed,Continental,Poor,30.996236871296226
459.5493259215576,30.942064645323956,,Monocrystalline,22.935059776509448,27.034470364532616,3.146076857850051,Moderate,96.30315083674071,Single-Axis,Temperate,Excellent,6.599852416799042
634.3155662785035,37.49373580858018,20.384000044051575,Polycrystalline,17.176604515949688,94.37691888411337,3.1542862582223217,Moderate,93.13465373855516,Fixed,Tropical,Excellent,15.261438672772277
310.74521327373975,25.97460854399036,22.201829284029685,Thin Film,15.271659746469856,29.567447405462868,21.673830877425917,Light,96.21643389054331,Dual-Axis,Temperate,Poor,51.036978103827074
853.5358882979234,39.72845664846862,29.181781016467525,Thin Film,16.2115204441189,86.73992785771848,29.622769804183907,Light,96.17491882203089,Dual-Axis,Temperate,Fair,36.91458573018087
471.45197369390246,39.65405518637626,27.20102175002723,Polycrystalline,20.086643579194188,11.198833419340557,22.92217817123321,Light,93.35578295908462,Single-Axis,Arid,Excellent,41.59213037971663
681.5388106218768,49.28422524434824,10.370888694102135,Monocrystalline,16.571042211889548,67.21557225043588,24.64365240508833,Moderate,95.65426273419283,Single-Axis,Tropical,Poor,58.007826918258694
170.39905967790668,16.006704006806032,38.99675112640722,,21.40255555181883,64.30909369903401,16.75645356974965,Light,90.8961248439435,Single-Axis,Arid,Excellent,5.892873962458263
497.9941441300045,24.46411280158995,16.058294143944863,Polycrystalline,15.79510224860784,6.152740702428752,10.808908561647549,Moderate,95.57393437024734,Dual-Axis,,Excellent,48.247792574929335
387.60532836965575,17.06068946856642,28.693460505510423,Thin Film,16.43616529755492,24.88049231760565,11.384338166863417,Heavy,97.90707060372135,Single-Axis,,,42.079971785875664
258.73037069687973,43.431909888884334,15.47898060336339,Thin Film,16.019604342606442,28.828508767579475,16.505667924650677,Moderate,97.60012095400626,Fixed,Tropical,Excellent,23.424350825569814
,54.558667849816366,,Monocrystalline,15.983354318525505,,23.593223083436317,Clean,94.74439151458456,Single-Axis,Tropical,Poor,10.2606118771735
1148.491029857365,40.99977193847944,30.06435424218397,Monocrystalline,18.695016831185633,11.74084657930841,6.967628209339074,Clean,92.0252240607758,,Temperate,Fair,5.657593794642657
361.5073438670513,38.78169453392732,,Polycrystalline,22.099799142500913,45.84455574712071,17.41131015139176,Light,97.08834390161415,Single-Axis,,Fair,25.24386213610254
279.992048431891,59.33192748048155,33.5035281509532,Monocrystalline,17.97025528189723,81.1184128945547,6.456778126255365,Heavy,95.30601844942525,Single-Axis,Continental,Excellent,
411.5755345432783,47.290611016005265,,Polycrystalline,20.194134054116958,27.143597533931185,10.992130960017299,Moderate,91.97997362975815,Dual-Axis,Tropical,Good,59.37382167949752
431.9812514396725,56.8432004986632,14.71301770539634,,16.076598914531083,92.61967338393335,12.84253083741856,Light,96.03989566895667,Single-Axis,Polar,Poor,12.927558721979707
996.4415121478246,41.346678758780115,38.70451627357187,Thin Film,18.05985049145841,,15.03694200797162,Light,94.00632053946973,,Arid,Poor,78.45519719794449
954.7996463113018,58.509455638988186,,Thin Film,21.21070451024829,47.58499893300653,24.880105917694767,Moderate,93.35125440744402,Single-Axis,Temperate,Excellent,15.376501656357476
1065.9512164156622,49.67897172207854,40.002484181938584,Monocrystalline,16.550665320362263,64.92340984790312,2.354889750267027,,,Single-Axis,Temperate,Poor,
886.0221517342204,43.43531451990349,37.334211255007204,Thin Film,20.811356689026557,73.65836652374394,12.335235838239388,Heavy,95.09366304772678,Dual-Axis,Polar,,18.154539770781103
772.0213063790345,19.353288276543978,5.723342331357797,Polycrystalline,15.077916103553473,26.778017813446045,21.99935372706265,Light,96.54258962978133,,Polar,,28.144180491389527
1056.3874223099906,24.797615097208343,24.435466943230235,Thin Film,21.659048993311345,87.94916296781494,3.8153142319899516,Clean,92.32383983908791,Single-Axis,Polar,Good,11.50196416460808
505.69740291982504,48.61170655198027,8.542042665741839,Thin Film,16.41438629623398,19.63141972804187,22.901620463499953,Heavy,96.52409224916737,Fixed,Arid,,31.415309701818018
547.8902541697518,22.30603094344737,9.302289300532172,Polycrystalline,18.003690922614922,12.591608388171442,17.400814864299157,Light,95.66407870968803,Dual-Axis,Tropical,Poor,33.271506442088544
614.3207362743834,23.401360513603375,5.185485917483033,Polycrystalline,16.038923830215015,13.879562779986323,6.759561925140121,Moderate,94.12595692853213,Fixed,Arid,Good,22.497504677150346
834.4361915494652,19.176579186831667,34.154281404930074,Thin Film,,41.18848776056481,11.407946224992273,Clean,96.83089982960948,Fixed,Tropical,Good,46.92085129529083
360.92938799881904,27.678426862231312,10.271415453015674,Monocrystalline,17.288757026183873,21.26026258590379,5.406076738464557,Light,95.5013965453717,Dual-Axis,Arid,Good,9.75460968235777
,23.267038564731557,39.366190106148295,Monocrystalline,21.501786221991345,27.35854211248657,22.855173379051003,Moderate,92.2945592053833,Dual-Axis,Temperate,Poor,30.02221919026188
678.3698359900991,24.31485174320769,33.599013834222845,Thin Film,18.548084051094374,64.51574836531003,29.424267583195917,Heavy,95.00911721906664,Fixed,Continental,Good,27.780043013623203
577.1470807634721,31.427358307114318,8.99112871945134,Polycrystalline,15.566770829424108,44.626867408533116,12.657117800045913,Clean,91.77276102227252,Fixed,Arid,Poor,20.82551205563543
1075.1129863612628,30.71143461209764,,Thin Film,15.766441091990766,98.82713131436317,12.378424449448408,,96.75634053420387,Fixed,Tropical,Excellent,62.78167217091256
311.56683825984044,47.18191253105516,40.76695041134699,Thin Film,20.292134084440224,53.60501325251093,24.453172382378302,Light,92.2232343011981,Single-Axis,Arid,Good,5.814157166549742
740.324285469816,49.66056620416743,26.468476986198844,Monocrystalline,15.144117829460722,24.04663812916276,9.347410974087154,Clean,94.20694488365183,Fixed,Tropical,Fair,47.19554609624216
1033.5982747773678,58.239713225021774,16.394581908039957,Thin Film,21.719697814709065,34.77846387518582,20.531112704587436,Moderate,91.38097727191906,Dual-Axis,Temperate,Excellent,58.68746161253352
1062.4291789091135,33.0779630324281,43.18431160337105,Thin Film,,85.4080862026277,26.014884566323506,Heavy,93.68485343975728,Fixed,Tropical,Poor,41.57781325113641
849.8826155800607,,36.70467409675699,Monocrystalline,17.59945973210486,27.325156583953984,29.049122616665095,Light,91.65865724789634,Dual-Axis,Polar,Fair,9.751235746851561
727.5425412525832,37.17117797614041,34.349939814329936,Monocrystalline,15.53239571439554,21.271550409018147,14.126040537897808,Light,95.43584244851795,,Temperate,Excellent,60.35838802133706
332.52069728355303,22.962362789112273,23.005793409151337,Monocrystalline,22.235374969776935,49.55266560328171,20.396276832027333,Light,,Fixed,Polar,Good,62.925105505361195
964.6300753424108,32.65896466102757,19.967557899189817,Monocrystalline,16.575452346175183,39.106602140372836,22.717121779308997,Clean,91.04959489352909,Fixed,Temperate,Excellent,38.03763616705983
1100.5749373077774,45.248452799939216,12.804859875644734,Monocrystalline,19.55397893883698,33.50052299765537,2.8252906661579313,Light,94.09476761496059,Single-Axis,Continental,Fair,36.24766753478505
754.4235435188945,57.35003824279265,14.314064915274752,Monocrystalline,20.444593397187354,,29.7938609749431,Moderate,95.64379203832831,Dual-Axis,Tropical,Good,28.836354876603888
159.86298102480248,49.61327199537573,36.16272448955935,Thin Film,18.512105004476474,70.63208285865574,4.820014253920326,Moderate,97.70703835513363,Dual-Axis,Polar,Poor,25.803321518474426
456.40875287811224,,6.706626761856631,Thin Film,18.42242850338508,50.543181913615385,12.0462010473431,Moderate,90.84415812951768,Single-Axis,Tropical,Fair,1.1492374010061615
480.6192524516351,36.36128094203646,33.42639785329905,Monocrystalline,17.121550424598503,46.34500593893554,19.497248488256524,Light,95.87616551428148,Fixed,Continental,Fair,12.44423491721107
559.9896052144243,24.033120482946842,,Monocrystalline,19.111598917219965,16.66197173323151,24.609623465245104,Moderate,91.29709282186936,Fixed,Polar,Excellent,63.80157881078059
988.5811694694902,27.580550179964877,24.58724539473426,Monocrystalline,18.437441142770552,79.66946280210723,3.3226481845535316,Light,,Fixed,Temperate,Poor,26.996142673272054
564.0155463402994,56.547417272744475,12.71434561341113,Thin Film,22.56650587604878,71.60362071575874,24.402098497352426,Moderate,97.44623282661388,Dual-Axis,Polar,Fair,28.45506504242507
997.0734463681014,52.25476512713225,27.83554591071671,Thin Film,19.98369583318493,99.41712372157383,,Moderate,94.17821033308894,Dual-Axis,Arid,Poor,14.096238836663105
894.6441575930166,41.56288237950545,5.083498532159738,Polycrystalline,21.937195721010802,76.65064913431328,25.405994525004207,Moderate,95.53610238802597,Dual-Axis,Temperate,Poor,1.1369842851735474
513.9381134628572,56.624892212899674,26.525176150563215,Thin Film,16.139991462138767,67.70367103858322,26.889731288925404,Light,,Fixed,Tropical,Fair,58.19734740956605
1021.706854306104,18.907408344859782,39.51714883649136,Polycrystalline,18.719770767391203,45.04377721392109,2.6203464165844057,Heavy,95.78887858431105,Single-Axis,Temperate,Fair,77.25831400769951
940.8255844187705,,,Polycrystalline,16.88052439005136,76.03063667780977,0.2754208574424388,Heavy,92.59812689317977,Single-Axis,Polar,Excellent,15.127792591832595
821.0881308613957,34.0036052291967,13.59387737884366,Polycrystalline,22.751699469633632,97.06613927277562,16.565965621931397,Light,92.63624242446467,Dual-Axis,Temperate,Poor,8.383154054272614
660.3888992154041,41.00345313737033,41.54499860865001,Polycrystalline,19.52224533578762,19.860660195088528,0.23064555119251318,Clean,93.03265411250928,Dual-Axis,Temperate,Good,72.1343782037501
470.01362001259247,20.17892314622102,41.279906416467924,Polycrystalline,21.18104553423845,30.368890945255288,27.40006977070008,Light,,Fixed,Tropical,Fair,72.15453304111084
813.7067735627102,25.85362394525288,26.506354383386878,Polycrystalline,,33.486274096505866,23.694768823590046,Light,95.56001169433573,Single-Axis,Continental,Poor,21.003022314022022
220.41027308835683,34.81336254092661,24.93143368685964,Polycrystalline,15.297357361128396,11.028026234177261,17.51250475760949,Moderate,94.7161752263621,Dual-Axis,Polar,Poor,7.175649243726246
177.05821926485208,36.61252997808921,9.288943870811558,,15.343273028713426,71.64596144157744,1.5092694973514387,Light,91.45344738213491,Single-Axis,Continental,Fair,6.88312613890488
746.2408137450082,32.9238969561177,15.050997033783888,Thin Film,20.747405067384463,68.17222303552352,5.627351630957211,Heavy,90.786786454697,Fixed,Polar,Fair,14.019939435804629
981.3047365905571,27.362950973402448,27.054987987757457,Polycrystalline,,89.63664683140367,25.758696756394006,Moderate,92.13602216101796,Fixed,Arid,Good,42.349422909407345
910.847302517211,31.99757487134457,42.39158957901627,Polycrystalline,21.242495774853115,33.422814983874524,6.5076153781581505,Light,91.33711030411115,Dual-Axis,Continental,Fair,
884.3150665776105,32.46133476406876,27.01444117356912,Polycrystalline,18.948180799958784,41.97373705777074,23.07319870648989,,95.15347589103774,Fixed,Temperate,Excellent,19.574233639380225
426.34064058507613,46.73926873553914,13.62291814874959,Polycrystalline,15.398218290831355,22.272021926964783,8.479575315286938,Clean,91.94104897392148,Dual-Axis,Continental,Excellent,65.554980655931
586.5459043625222,51.07221631737439,43.782010728981,Polycrystalline,21.30306933589921,85.74645958949623,26.413485902119803,Light,93.28323798222812,Fixed,,Fair,15.284442965191438
1170.1451857311097,,36.01494555063803,Thin Film,,69.4865837186516,2.7505918091428514,Moderate,,Fixed,Continental,Good,20.662748777177733
864.9517233986496,34.91642106137441,38.0858244973063,Monocrystalline,15.056269525570944,99.15455436050424,6.758669506095599,Clean,97.61898363860794,Single-Axis,Arid,Excellent,76.170570765179
905.7789921260754,19.655584595697526,39.244534760004285,Thin Film,19.108538839185897,16.60973846256229,22.11331676063513,Light,96.46787091721775,Dual-Axis,Continental,Good,65.77298949338396
1158.5429705612821,49.383587832924775,34.98372082132289,Polycrystalline,17.90941373596206,63.522299724726096,29.449318867253574,Moderate,92.88912048859268,Single-Axis,,Excellent,33.41204342592129
132.4556392749316,16.72082380684439,23.91092654485137,Thin Film,17.847363448798657,72.35665415183816,4.165018521774785,Heavy,91.03124410572326,Fixed,Tropical,Good,67.57899810525274
852.6512266802945,24.295804794687534,11.023528246235546,Thin Film,22.974574013189244,79.80364922940724,20.89211979800027,,97.3915682307826,Dual-Axis,Continental,Fair,33.563308442089266
817.9307585995223,31.428440715776553,34.718805055234114,Monocrystalline,22.160162446966208,61.905516210722546,10.712817503203691,Clean,92.93758685571903,Single-Axis,Temperate,Good,13.329164389174736
983.3121750148771,37.873348477610534,25.807380440675203,Monocrystalline,17.36332215581148,34.647905404159076,27.55037390749815,,95.42211106803686,Fixed,Continental,Good,
365.9177867310601,55.508443381139045,12.116974108349904,Monocrystalline,21.029481448465642,6.939771009799016,22.97399394129107,Clean,97.02449583071812,Dual-Axis,Tropical,Excellent,52.08468226467997
652.7960919705102,18.292090436910854,34.452141950205764,Thin Film,19.292822064853027,49.30547518413387,29.256694409530315,Clean,97.69130558464278,Dual-Axis,Tropical,Fair,65.07887978629397
733.0872730759044,50.30565251591646,19.96783775964945,Polycrystalline,21.339418646751774,2.784239815017094,,Heavy,93.32281223616037,Single-Axis,Temperate,,25.916190053866238
708.0406479070119,15.321919300558182,7.758215287572936,Monocrystalline,21.869598300000707,51.92624080040893,7.216231714011213,Light,,Fixed,Polar,Excellent,51.63472040162668
525.0121192490349,57.921679057196265,24.88248593093134,,19.081018114850558,22.55543242555106,,Light,,Dual-Axis,Continental,Excellent,28.016683253006615
187.77474487760588,28.96572344375143,20.364377769995684,Thin Film,15.415094344231314,48.54079631630593,15.680650390509927,Moderate,97.18208581906677,Single-Axis,,Excellent,24.913944348101342
295.3919344245399,28.287329412702938,33.75743931287029,Thin Film,17.466622787328557,81.78337800126623,24.626019307274277,Moderate,90.15013366865642,Single-Axis,Temperate,Fair,5.407078595674085
635.1109488492309,35.77973825500049,,Thin Film,18.4433284483397,74.39776653913552,19.92364495321402,Light,93.80418354317898,Single-Axis,Temperate,Poor,6.753641711446462
1132.5233265266381,32.77671461549077,12.008437019836538,Polycrystalline,16.158500032310684,56.68017959911866,15.591352937753198,Light,95.85071197220987,Fixed,Polar,Poor,16.351941708720396
326.3704085953286,34.05647051041123,30.450143448859215,Monocrystalline,17.085691239566156,5.90668157792257,13.22056777751879,Light,,Fixed,Polar,Excellent,51.456060948335086
848.7576036368071,26.49864792511072,38.52563109142881,Monocrystalline,17.667068649688794,10.886388314990459,4.835579198335443,Light,90.4059719617754,Single-Axis,Arid,Good,21.76266185062977
648.2367515060039,32.02779887459117,19.422618712751976,Thin Film,15.959723565708389,69.77983562619586,12.10587677683401,Light,90.91853360687499,Single-Axis,Tropical,Poor,36.8860735791466
404.5458389855599,45.525163469721775,14.957873753121191,Thin Film,19.8427287089573,61.78337774583271,12.056212872017458,Moderate,97.54963613013166,Single-Axis,Arid,Good,55.1417228465097
674.1182813888768,41.41779682065332,19.028570875609965,Thin Film,18.939709332123396,25.934798979378986,13.586214135928202,Moderate,95.52268022148995,Dual-Axis,Polar,Good,78.12535605224265
1184.2831818014133,18.026283433334047,30.611601766009713,Polycrystalline,22.317269018294752,51.465875283891684,,Light,92.63752233777848,Fixed,Temperate,Good,13.741550878351191
447.1647837625884,39.82768400984696,31.76537387224193,Polycrystalline,22.44302919859806,36.13461479375828,24.62174277114854,,91.51532944347048,Fixed,Temperate,Poor,25.636008070198912
637.8222302576639,40.23716572497158,,Polycrystalline,20.841732736245266,74.04377584683222,10.631912103810498,Light,,Dual-Axis,Polar,Excellent,65.33480489872474
1033.7763519492792,23.88468690934792,18.88392510056958,Monocrystalline,18.413469340988776,52.259332885069085,2.145270510090278,Moderate,91.18796592388844,Single-Axis,Tropical,Good,35.68944339636061
,20.983077530354535,43.71969747000158,Polycrystalline,15.939861937863514,48.27257782541745,20.94092164958474,Moderate,92.13350671393043,Dual-Axis,Continental,Fair,14.121533286857774
337.056932761404,15.807416328746434,39.6594321583168,Monocrystalline,17.32892703045804,79.50516876661055,18.39507725241105,Moderate,96.8238685878218,Dual-Axis,,Fair,14.680275681668945
713.961402215074,,18.946598364092125,Polycrystalline,22.472445145366688,94.49487573396505,1.8334908046653176,Moderate,95.91136318710728,Fixed,Arid,Good,37.173535979008605
876.1445137173935,46.40333526022302,27.535276508966554,Thin Film,22.22316812158189,50.33237559721355,1.5347945904229165,Moderate,95.83365842565799,Dual-Axis,Temperate,Excellent,28.302533948805568
893.8346793982773,42.894723218439246,32.56591901518518,Monocrystalline,,41.890168880847185,8.051052514245677,Moderate,92.46267205549825,Fixed,Arid,Excellent,38.62838041668063
881.2539106362982,16.20382255134804,34.95475852094448,Thin Film,20.125760707873418,99.93637793418574,6.785290871057955,Light,93.90761430457056,Dual-Axis,Arid,Good,25.969761634801877
595.6635024664962,28.707044106794395,28.36521040654525,Thin Film,20.828096039232722,29.609078685429534,28.635059237407976,Clean,91.63171507398444,Single-Axis,Continental,Good,33.08699933330297
1066.2237392176346,27.439559369691683,11.238501183569202,Polycrystalline,15.218144336026826,22.51928439217518,5.195286154056165,Clean,94.52609454110019,Dual-Axis,Arid,Poor,14.128226536875307
465.612452427605,34.50509806897202,36.934128340568,,19.657487762456313,21.730427742360916,4.268421030982987,Light,97.77121030323173,Single-Axis,Polar,Excellent,24.842041645675906
101.80946390683066,38.710082828950114,14.917396848537315,Thin Film,16.210813487251208,97.88152209595354,3.3703564327458837,Clean,96.97271502397858,Fixed,Polar,Fair,6.138652337031388
1060.2411581648178,55.35165874978136,39.543389619433576,Polycrystalline,15.59528071599364,81.70755431632881,15.213952977898474,Heavy,92.45691262252572,,Arid,Poor,55.24748933601133
464.3411891034987,22.984334538142676,30.08191809230596,Monocrystalline,22.312676290288973,22.081620496122166,9.854247982687404,Heavy,95.37748464824688,Fixed,Continental,Excellent,52.102249558706845
425.61611065388325,58.05899423059727,38.13336840518141,Thin Film,21.1479857251824,77.03231366144166,23.494935983426704,Light,95.01390738209304,Fixed,Temperate,Fair,76.0682988669558
993.3157560192307,48.77729274017687,37.83492093271774,Polycrystalline,18.94751150866114,7.518688400481718,10.544400307156138,Clean,94.28602545606553,Single-Axis,Continental,Fair,62.84325072096152
594.4216130974137,25.798980999042975,43.282818002353366,Polycrystalline,17.24374176985484,49.84570160450774,29.775999731691567,Clean,95.32330514544755,Fixed,Temperate,Good,37.878606872700026
1085.3063061409853,40.79733158813201,26.275605991161623,Monocrystalline,20.448768621452487,84.40339705087474,23.782815468657923,,92.64958667961875,Dual-Axis,Arid,Poor,66.89636287579671
805.6635730309913,31.62310750591759,23.619941308035134,Monocrystalline,20.373831107403007,16.71731526679602,22.03000539317306,Heavy,93.57450828238348,Single-Axis,,Good,34.021593683173364
900.4816895422006,31.157456758556403,36.860424349612806,Monocrystalline,,12.446752462529014,9.221256597503979,Clean,97.45268747212901,Single-Axis,Temperate,Fair,3.3614455598339124
,45.07021062756424,8.357827458752375,Thin Film,21.822648765075623,5.812343208206046,,Clean,91.57778414463482,,Continental,Fair,13.93930170554671
1115.0948615536709,20.56210407987008,31.94541097996902,Monocrystalline,17.01033119389125,10.305850159281968,0.320553531395128,Moderate,95.14481269087409,Single-Axis,Polar,Good,29.660109494506997
429.1346430203314,31.555198839179923,34.430303227157,Thin Film,19.67286065625833,6.738390288704886,29.267414469545148,Moderate,96.70838040048233,Dual-Axis,Continental,Excellent,53.92921071993787
1090.4467319219984,58.64730962342345,44.14244076989989,Monocrystalline,17.86841406326939,31.257695139954052,1.5385924975105714,Heavy,92.87705380150885,Single-Axis,Tropical,Fair,31.86285866287244
1078.1431216106357,33.71537104093617,15.773028567887572,Polycrystalline,16.002610344977672,13.963802959405255,26.37548684455288,Clean,93.68730252596734,Fixed,Arid,Poor,70.09759598460852
536.1368212491807,18.274527627736788,8.452466395579282,Monocrystalline,22.80369029160631,,24.624157272447253,Heavy,95.46750365131847,Fixed,Temperate,Poor,49.9210867047295
938.2061368402908,19.57803717599886,42.96422584363781,Polycrystalline,18.976032704191674,90.95480595827256,2.79962719541707,Moderate,93.83812014830504,Single-Axis,Continental,Poor,
1192.2363130093543,17.77111606299738,39.94066288004462,Thin Film,17.865502012538997,74.70056249736596,2.5371221847769467,Light,95.64723738815083,Dual-Axis,Temperate,Fair,8.14794543679822
776.671273340649,,12.041672627471742,Thin Film,17.89706872899498,60.75041298332963,8.640348823394827,Moderate,95.21804812967844,Single-Axis,Temperate,Fair,76.86584688512791
170.59615516083426,24.96286866431264,16.63806231570963,Monocrystalline,22.016410345995414,44.2544740071447,27.00222338482197,Light,94.0267017686009,Fixed,Arid,Good,
289.0405945684663,21.13655541705785,18.278709359351847,Polycrystalline,16.8358210513006,44.18791601152443,15.086620561810562,Clean,94.50583919913366,Dual-Axis,Arid,Excellent,
576.591831463383,53.60981570247614,8.76147988188244,Polycrystalline,15.522672592807758,69.1376401227676,4.141077833928013,,93.09143862869348,Single-Axis,Polar,Good,33.340237919919964
937.8605294268802,16.749764534855817,35.8178945586855,Polycrystalline,19.401789539813333,40.25186264429475,19.42906452464544,Heavy,95.0645930157363,Fixed,Polar,Fair,3.5706323606647996
247.42363319328777,41.729583006244845,29.288858680450723,Monocrystalline,18.37105755101748,49.965411665814955,8.78939782874589,Heavy,92.70633927987608,Dual-Axis,Continental,,14.478359466315538
406.80165274953293,57.84189661539975,44.19984523867929,Thin Film,15.90299527213859,39.35706494628878,10.088174599788232,Light,93.12636273354313,Fixed,Temperate,Poor,62.578855413353445
123.02522930186703,22.097402704899103,23.895907410380538,Monocrystalline,20.793162416790548,41.10453189056383,11.079185007831686,Moderate,90.97922329715742,Single-Axis,,,38.01168134751619
611.0117116166537,38.81844496700673,21.714158451794997,Monocrystalline,19.019416047404412,,23.515637739566902,Light,95.5856187856431,Fixed,Temperate,Poor,56.202874171229205
319.94833579728765,34.864070360238976,16.883394379945173,Monocrystalline,,,1.6145399073258793,Heavy,91.85510588292776,Dual-Axis,Continental,Good,1.9439641668870056
635.0551343069533,44.62531062990678,13.933052159401868,Thin Film,16.41141262604079,57.0098054395909,1.8836420183213354,Clean,96.82244151527112,Dual-Axis,Temperate,Fair,17.726573540385136
1189.948220804414,47.27025848259109,31.509728470511345,Monocrystalline,19.50848500289655,25.419640951738256,8.134296594136005,Light,97.3513949306724,Dual-Axis,Tropical,Good,2.8541253969926537
446.7933750534305,24.522237600886086,23.510809298426445,Monocrystalline,18.910457154388236,79.92456908948685,12.271246329371339,,95.48444815716185,Dual-Axis,Continental,Excellent,25.700718430465837
875.5451013043864,,19.47035865872934,Monocrystalline,16.658131255987634,85.29672958583006,22.11317715598485,Moderate,91.83833735279286,Dual-Axis,Tropical,Poor,31.153281769024197
1136.9795319474224,56.73939756635984,9.279830069634345,Thin Film,19.330219037877733,89.23297862128426,4.676412345246402,Clean,94.38831670338668,Dual-Axis,,Fair,40.5374129554416
803.3101014342135,25.303971573404077,6.484711748855898,Monocrystalline,19.99244787461015,4.428936631477324,6.361033968682932,,90.12006322011753,Dual-Axis,Continental,Fair,18.396763717602987
1011.2191760922175,16.29144907568341,14.647507817735367,Polycrystalline,22.08403345440998,49.064859375094265,11.865924250515924,Light,95.45051393052883,Dual-Axis,Polar,Good,1.0017912583151058
,49.57712604493754,17.533093918901216,Thin Film,19.73147374692121,18.717056085239296,23.34176347787272,Heavy,92.09168336180068,Dual-Axis,Continental,Good,47.196158057793255
629.9620434582272,16.232034304865877,21.676618434800176,Thin Film,16.176482965167992,33.14134380240293,10.391656287809955,Light,95.57802231356816,Single-Axis,Tropical,Poor,71.95661941064766
624.0378168643077,38.46495964375683,37.81097045198167,Thin Film,21.562641537522893,67.11635809322728,26.370715857347065,Moderate,91.40717949143777,Single-Axis,Continental,Good,13.502273397246885
1183.3228631197087,16.152609897988476,34.20272982598685,Thin Film,16.64236790590941,66.39559097558266,19.033483188260874,Heavy,91.36194855312218,Single-Axis,,Poor,63.48270045631799
,51.53845720910547,36.81192230912368,Monocrystalline,16.110576717868145,98.9854060994221,18.347072215500074,Light,93.55067617217715,Single-Axis,Tropical,Fair,78.19889285938959
1046.9676059471858,18.56143375764467,24.853360653538495,Thin Film,22.753527210187443,72.81212979730196,6.2018388569140415,Light,93.03551248399508,Single-Axis,Temperate,Excellent,35.59141433100068
1132.622239500439,51.08817399743933,29.449542223596055,Polycrystalline,22.27258687512241,70.68198092981346,18.281334736300312,Light,90.22684857452982,Dual-Axis,Continental,Good,
549.7567358057147,32.79145063406707,28.772242430575005,Thin Film,21.021724505431816,84.15257556515216,10.167898384850417,Clean,97.6175394420301,Fixed,Continental,Poor,42.40841248839656
856.8182843503965,43.38557806904019,17.51291287417184,Polycrystalline,16.039425696133467,35.47104024794561,16.769320349948032,Light,95.84611359804732,Dual-Axis,Temperate,Excellent,25.81589678590466
857.6725819923636,44.19731243757516,36.71519433395991,Monocrystalline,20.481788214215378,15.533424969122974,18.190545350299352,Light,,Single-Axis,Arid,Fair,29.519329164509212
610.3539914718343,54.348593777435674,12.580381510386612,Thin Film,17.49382525373301,64.88910992821894,6.320072725601264,Moderate,,Fixed,Temperate,Excellent,
,38.24909158780168,42.187221082109275,Monocrystalline,19.21759942452932,48.94307261048088,28.789057231511492,Clean,95.01771339290782,Dual-Axis,Temperate,Excellent,76.59317447481448
545.6508011458241,30.760463936559447,16.914260170515032,Thin Film,17.842052904202838,82.99699220760098,23.66164101157604,Heavy,90.94821159621344,Fixed,Polar,Fair,40.306863130925535
349.8647434177276,31.413112845128747,25.113311933538416,Thin Film,20.32613150408858,48.570576008444334,,Heavy,90.34729598817802,Dual-Axis,Polar,Poor,17.679717410701787
1188.813408050454,16.9349326668069,44.30147444613397,Monocrystalline,21.719464151908937,76.39072025142877,1.999844132768518,Moderate,93.83227503649482,Single-Axis,Tropical,Fair,49.49429945903603
950.2497773036329,26.370919462126956,9.715785990809573,Monocrystalline,,18.72279198154433,3.268953469017366,Heavy,94.0410037598895,Single-Axis,Tropical,Excellent,5.307762401991674
1172.8251634696373,18.023744199472226,17.503086123448387,Polycrystalline,17.089571942756148,64.54230398893051,6.481143076904926,Heavy,90.195193148422,Dual-Axis,Continental,Good,
954.5589244909543,16.003555523424346,41.77588515022969,Thin Film,18.113481403610706,78.01087940581598,25.952994064700288,Moderate,95.95598592920928,Fixed,Arid,Excellent,19.14182936341801
1144.6225755822243,43.3492813671466,17.196003656044304,Thin Film,22.642431055999594,39.34546299800468,29.049196063858325,Heavy,94.2294528065157,Dual-Axis,Arid,Good,35.670552050191006
270.38266454068935,15.897053656827067,38.10905151470111,,15.338111529915427,14.090161772813229,24.825128156891815,Heavy,96.96944176574203,Fixed,Tropical,Good,27.313506543146566
903.9244668057336,27.524784493366937,28.594985353420597,Monocrystalline,22.532502007592782,85.74206004250573,4.943608015009335,Clean,,Fixed,Arid,Fair,1.4372093160179604
288.2396702669209,33.292892178893375,18.853781356150428,Monocrystalline,20.214281006655064,49.639251063261206,28.703514185062026,Moderate,90.51396107529531,Dual-Axis,Arid,Fair,
891.5081693732288,42.03656182817073,36.72235595420839,Monocrystalline,16.738038334067777,89.9825022894567,26.039572829459903,Clean,97.43234664642026,Single-Axis,Arid,Good,29.249012921054174
666.2070535214366,45.20597004716647,15.382149797253764,Monocrystalline,18.927460202403626,14.089831098377342,29.525599977382583,Heavy,90.50389870109842,Fixed,Temperate,Excellent,26.803942207956435
809.1400771597457,57.412778837234455,31.220397263521164,Monocrystalline,15.41746187336785,68.08425700379472,10.650810643000133,Heavy,93.8278734794069,Single-Axis,Tropical,Poor,42.11011371033215
974.4250142559712,48.911132381883654,29.751088971140348,Thin Film,18.41867747094487,27.57733809858363,14.577500697243815,Light,95.73610740815832,Single-Axis,Tropical,Poor,36.0465664426611
443.8221959731964,24.93802460689551,34.485690292893004,Monocrystalline,16.671873240649173,,5.245758278849676,Moderate,96.3400014812413,Fixed,Continental,Fair,48.00153121807192
126.60031658188127,48.97239558571633,11.593312579757615,Polycrystalline,16.248694363705933,16.451520768369214,17.464773980079215,Light,95.4425631963349,Single-Axis,Polar,Excellent,
427.3594616157594,55.81051692470252,33.682022720413286,Monocrystalline,20.803576851287325,,7.478935351279849,Heavy,93.42077102621984,Single-Axis,Polar,Fair,19.24892525860185
357.9302826017678,20.734431458923034,36.53230120127034,Thin Film,20.786905639170325,99.02255526569867,6.812401030781249,Clean,97.47482972764726,Dual-Axis,Tropical,Fair,55.403351440910974
737.4987827577816,20.960128460768754,32.843119622147995,Thin Film,17.56524192569231,68.50173147139911,25.551153161896906,Clean,95.17066135209672,Dual-Axis,Arid,Excellent,12.484296582569888
319.01738720701127,33.22586871734362,42.413805437374855,Monocrystalline,21.948434112973718,55.73313186863465,6.1754307727169895,Clean,93.93065315200533,Single-Axis,Arid,Good,
778.2218430516067,53.07989457829745,25.96338814661177,Monocrystalline,21.67068817595384,15.972548831314835,21.89346243696285,Clean,93.73551969621161,Fixed,Temperate,Excellent,34.958266878137785
325.031489753454,40.454807656693816,37.89705314979353,Polycrystalline,18.726237258193787,38.959982088667175,5.32761126308287,Light,94.0403875300761,Single-Axis,Polar,Excellent,76.30240644644839
1164.0292678636736,31.18369235491017,10.358611519015813,Thin Film,20.975975699923588,56.16874757627563,16.827751870703608,Clean,91.65476802459928,Single-Axis,Arid,Excellent,51.23220110091048
420.18188448243626,47.46768059353805,18.417894938006647,Monocrystalline,15.696886908244586,18.111573974194975,,Light,96.35407506260128,Dual-Axis,Temperate,Fair,53.38407413979506
811.1470029821356,50.62757713580818,28.531616041681836,Monocrystalline,15.556981741073606,99.43290018270163,,Heavy,93.03196022210403,Fixed,Continental,Good,28.83890281065471
437.9538917939781,36.73644663101885,24.066070306523972,Thin Film,22.470761252437157,18.665387918298823,0.5702297890331587,Heavy,93.18763880901247,Dual-Axis,Arid,Excellent,
530.3405264847843,29.80972483601417,25.659296472872064,Polycrystalline,20.119628223767954,6.91243913169584,14.295649164549399,Heavy,92.61429054712035,Dual-Axis,Polar,Good,65.25110055831236
544.9266190583825,47.01778071055765,42.19352885041222,Thin Film,18.085851460319336,23.79567020136392,17.059938751659175,Clean,91.3130342477024,Fixed,Polar,Excellent,38.72135784103661
1055.3023385589454,59.13201705470611,34.271584974086096,Monocrystalline,19.951883096748286,66.03187004061624,9.32171531328462,Moderate,91.57758352155591,Fixed,Temperate,Excellent,
553.3442427688817,50.34434118442665,42.3173791025434,Polycrystalline,15.298968415616969,94.85941591879082,5.511710953605413,Heavy,96.27557203677685,Fixed,,Poor,
1050.6532015564387,43.38143623318175,23.600327994672465,Monocrystalline,15.30669532791731,33.172691167452435,,Heavy,92.97526619370046,Dual-Axis,Polar,Good,75.5539407206131
159.15124129627623,16.071252212602808,28.610928186159065,Monocrystalline,15.598316522412102,66.52413389709099,6.434376288760864,Heavy,92.3505644500755,Dual-Axis,Polar,Poor,11.91861469529395
408.0211762321714,54.471405406554894,13.166334586495099,Thin Film,20.90267221414458,,7.239495855687702,Heavy,94.53908178612473,Fixed,Polar,Good,9.440241791764144
569.8934357390128,20.91621992216715,12.56696202727143,Monocrystalline,19.95462862249076,50.23332453402184,5.77474999054267,Clean,91.68527401136977,Dual-Axis,Tropical,Poor,26.961902977296113
290.9715936020624,51.87671555073084,16.623054664869656,Monocrystalline,21.67926494624654,93.68738360991861,28.787914556515844,Heavy,96.13335921078605,Single-Axis,Tropical,Poor,27.06478183008965
1088.9426885807916,22.768548870593953,44.271020751471085,Thin Film,22.8352250086598,38.531804020299845,28.17487723836643,Light,90.67059894371037,Dual-Axis,Polar,Fair,26.724265956951665
963.0565342668112,28.903303669018534,13.090867028164933,Monocrystalline,21.49597911379916,24.88852874367764,28.597101465580558,Clean,93.19049160687142,Dual-Axis,Continental,Poor,
270.8253471223833,47.48073132204938,20.551799957786876,Monocrystalline,20.384775673519254,68.3847743741898,2.40440022542481,Moderate,92.58567876785958,Fixed,Continental,Poor,66.59855957678208
179.6561223329732,16.695374220367768,24.25395439008943,Thin Film,20.81832355328386,4.827678985255641,20.157391538255403,Heavy,92.34663784557267,Single-Axis,Tropical,Excellent,72.5760606383218
206.94396577929137,36.971636124575525,39.9277162571125,Monocrystalline,18.217695090580186,4.960778551196862,27.696394041050237,Clean,95.77822529631678,Fixed,Arid,Poor,38.42095863571423
474.09473438688326,43.891483465036465,9.332643058420395,,17.506328256876422,61.6379948289679,1.2628589948846203,Moderate,93.95254528614345,Dual-Axis,Arid,Excellent,18.582344357424258
596.7533749662441,53.1175764499155,39.80850891159127,Monocrystalline,19.34671058743248,72.47309679014151,7.930357230113993,,92.29248930552683,Fixed,Continental,Fair,62.39034852557082
880.961250697306,17.92356358414282,28.053277660637242,Monocrystalline,21.047961543599335,62.853779611518895,10.527718734793654,Light,97.6637127618093,Fixed,Continental,Poor,30.270969300962683
346.56833291504597,56.437074843724396,33.74234815021068,Polycrystalline,20.28893675861001,85.33619687982097,3.4855566110878633,Heavy,90.35359543614892,Fixed,Temperate,Excellent,19.506225712030112
301.71586388712507,28.718658963083726,24.935604667290562,Monocrystalline,15.85630182006564,23.567801450401213,,Clean,,Dual-Axis,Continental,Poor,65.61553319048045
193.2437473547497,15.562256667943988,6.259136685702917,Polycrystalline,19.395415284349028,28.649011299860756,8.98482717081003,,94.54329277957862,Single-Axis,,Fair,58.87824462707718
946.8892507037314,20.49431143302318,37.24025489719628,Monocrystalline,18.439504257559097,24.182280126874442,29.255658629425746,Clean,95.6648769128511,Dual-Axis,Polar,Poor,27.120605324708432
142.73901922032192,17.074852904846257,25.219445025069632,Thin Film,17.736751741388087,11.187942017952471,29.693263319216097,Clean,94.8074583506344,Single-Axis,Arid,Good,38.2297914611259
,21.93611285847956,26.100886762547372,Polycrystalline,18.22040167883113,23.584580073754108,14.834564998244659,Heavy,94.32580849627121,Single-Axis,Polar,Excellent,45.27319340419357
881.7064459094634,36.08439478722168,30.387858453391562,Thin Film,18.99428695096095,49.97717145832601,6.240362427327614,Clean,97.32838335311695,Single-Axis,Continental,Fair,67.42945161215499
161.91360915152939,40.385784866104316,22.55898596051097,Thin Film,,89.36935605189163,14.935299292663064,Light,97.51451271996226,Single-Axis,Arid,Good,23.190762909988166
1092.370914449587,45.321331399249146,27.757912475964343,Polycrystalline,21.44111207411087,38.27677357142286,8.372163035946151,Moderate,90.7234105186036,Dual-Axis,Polar,Poor,19.901263927319157
317.5998228796134,55.40233798648263,35.10746884460283,Thin Film,17.15916048945919,42.249057525362325,10.356423982491657,Heavy,91.95586232835774,Single-Axis,Continental,,72.67371173838707
348.60355785138313,20.375863071312903,10.295889797081944,Polycrystalline,16.948184028187242,11.649814115526294,5.606104776444589,Moderate,93.16030315045971,Dual-Axis,Polar,Good,13.35099025968813
1053.8005930161005,35.693409443839755,30.45869287387699,Thin Film,16.923104074028117,77.31792978121281,28.382753344039724,Light,90.82302689178569,Dual-Axis,Temperate,Poor,7.7163637702238335
516.4696173687478,22.150570703552084,22.579207322819222,Monocrystalline,16.295181770485655,3.740722824345547,21.035229104946374,Light,97.3950713928934,Single-Axis,Continental,Poor,60.674090588746566
907.1828856124972,49.49032832933684,37.773647243664946,Monocrystalline,22.03416140388619,20.09765940608816,12.602574583420651,,96.19608442607206,Dual-Axis,Polar,Good,77.46420383765981
884.1954225932541,,33.76482958216573,Thin Film,17.70709213451773,70.992259719033,,Moderate,90.1858323620316,Fixed,Arid,Excellent,46.050544096091606
395.18774815266295,53.175049785206525,12.558236926671697,Thin Film,16.954680026763665,19.671280429279545,19.85400218085964,Moderate,94.77191658210155,Fixed,Tropical,Good,27.44858157844291
868.300549227223,50.27056552456459,22.58366041803179,Thin Film,22.93906579910809,15.582816219548565,3.7674539924851205,Moderate,95.15435911016262,Dual-Axis,Arid,Excellent,56.147335115617885
856.2616955287488,30.378399092672282,8.12694783674801,Polycrystalline,18.788301498374985,,14.933353025953794,Heavy,97.0600113135018,Fixed,Arid,Fair,55.694129278173044
523.4913477418752,21.062484372198057,11.411917443315541,Monocrystalline,,3.3380812216415032,,Light,93.66330627152982,Dual-Axis,Continental,Fair,40.01822877256026
635.5951349720491,49.95458956514031,26.719833803114852,Monocrystalline,18.168236290063575,20.420855620013143,18.81512351525201,Heavy,91.89295708695371,Single-Axis,Continental,Fair,8.1904308088456
400.2911539349907,41.51511612005169,7.565443367390179,Polycrystalline,15.217508836533334,24.56796118471825,16.890483019709748,Light,92.92410778973556,Fixed,Tropical,Good,2.616190752313174
114.73675817403532,16.3539545442993,5.769619214837496,Polycrystalline,17.429622023480906,96.57029095069579,1.5227171674775364,Clean,,Dual-Axis,Continental,Fair,
1051.1929249520308,46.96078576493635,38.80810423163913,Monocrystalline,,90.16155544551981,24.89545369062222,Heavy,92.9340619325529,Single-Axis,Arid,Poor,28.47469539591772
1028.45945714019,59.68037250637521,9.78994354896102,Polycrystalline,19.172932220309864,20.861749665417566,21.14408923687801,Moderate,95.23461637792275,Dual-Axis,Arid,Fair,50.34897813794289
149.37109323475553,32.58958751630982,29.11352203314685,Polycrystalline,21.005975605467622,72.86134251317054,17.688274564571678,,94.99463550585546,Dual-Axis,Tropical,Fair,59.314768282218786
526.895160079564,45.6955291518684,23.954069552828425,,22.726898985603537,58.67626145797575,6.6702482731963695,Light,94.61434015928995,Dual-Axis,,Fair,
285.9573981209089,39.203698579982536,39.90164309169741,Monocrystalline,17.602555603328916,68.50559865631097,14.230988065409106,Light,96.18306795723755,Dual-Axis,Temperate,Good,36.02724196985898
342.87634068534896,29.03459999146712,29.7011062243257,,,95.70548591135783,11.43639038343908,,97.09123698212107,Fixed,Arid,Excellent,52.58629209183743
490.0972570671427,29.102145054451306,13.436054782194237,,19.99208161595569,32.82975405467863,20.79388078931292,Heavy,94.58962504649904,Fixed,Tropical,Fair,68.21579120947567
1143.6072528320283,39.22460533507994,21.716582725881125,Monocrystalline,17.869977514912335,15.327547650489219,29.792818668603573,Light,92.6672096868582,Fixed,Temperate,Excellent,71.8419385587207
545.0397053379276,23.416734835884533,17.28885741074764,Monocrystalline,22.675193723093145,90.70964943647665,13.968748297528558,Heavy,95.87261992048678,Fixed,Tropical,Good,69.8920782797121
1183.4304320267581,21.62515508428198,27.772582606639613,Thin Film,18.28500074193448,39.046865382221704,28.948707860649375,Heavy,95.90162181237977,Single-Axis,Arid,Good,76.84854967264481
284.36755388523744,,44.4864644647494,Monocrystalline,19.662781354925986,37.663009865154365,11.783905086279006,Light,97.05084981636108,Single-Axis,Arid,Good,5.36027604700623
226.32119950818475,46.210059443220075,21.237899520460005,Thin Film,22.19071505059164,49.79890223400264,13.54365919884588,Moderate,97.40744210799075,Single-Axis,,Poor,47.41605318754022
996.8832227867297,27.971169694601436,7.419735655637361,Polycrystalline,21.576556522112217,92.56285329530793,2.4028546156309516,Moderate,91.76262969495384,Fixed,Temperate,Excellent,45.761220182784854
775.1876066331185,20.589662243037502,25.92137353375896,Polycrystalline,17.465015143194083,68.79453778246894,10.599974969502906,Light,92.27361705873963,Single-Axis,Tropical,Poor,69.67544659276562
1110.6026661559922,38.92691814084758,30.954393159300906,,15.207810476512957,34.377833055844555,23.571826225718745,Clean,92.1368555818921,Single-Axis,,,16.824045722231908
1120.1405041926675,48.83807334771928,14.64384402295034,Monocrystalline,17.862929647079817,80.97925857716987,12.061872988624856,Moderate,91.4885624993694,,,Poor,24.62534169524806
129.61707650500355,55.83263997098937,27.5643642133465,Polycrystalline,20.32151911593538,18.43512962254819,6.430019578110584,Moderate,96.96422738718353,Single-Axis,Continental,Fair,41.534021529139046
998.3811930504668,38.45346596981656,19.079079202890558,Polycrystalline,22.534101811881015,69.59538419436505,5.397348560780167,Moderate,94.75149115175532,Single-Axis,Arid,Good,
535.672015878474,17.27595314892356,12.597763273909376,Polycrystalline,22.60918418215725,71.11273066828481,3.1413729174109353,Moderate,92.53479479548348,Fixed,Arid,Fair,57.76699563193276
890.485414693114,17.201178725295392,9.517573628087348,,17.05201019164432,33.281089487767844,29.259940357050574,Heavy,91.71865958289713,Dual-Axis,Temperate,Excellent,62.54286432001327
604.638370180093,42.08381820274545,12.38769325694924,Polycrystalline,21.350538102730194,46.68587442721451,17.210128927027736,Heavy,93.46859622998161,Dual-Axis,Temperate,Fair,75.43530958848942
1033.7304153409407,16.397719380560186,36.991727817374425,Polycrystalline,16.31401481599286,22.112818292544627,6.605965174935367,Heavy,92.0837168480973,Single-Axis,Arid,Excellent,79.2696891230802
621.4074793146405,30.518937853491316,39.91516699187145,Polycrystalline,17.683784823892225,,,Light,97.04582226333997,Dual-Axis,Polar,Fair,76.24966387203285
710.4322644232408,35.86259032330422,35.394424686818446,Thin Film,16.005243967360585,10.002231004658956,5.622200801320542,Light,96.01821561770609,Fixed,Temperate,Fair,21.502856681727717
274.5090261500605,19.10567913837215,42.128079207097635,Polycrystalline,15.626821505125118,,11.280611444407612,,95.22272318348513,Dual-Axis,Temperate,Fair,24.205450559907828
1095.1547439613673,29.40883247114914,12.598113097331986,Monocrystalline,,99.43171743734155,16.08385157430405,Light,,Fixed,Arid,Excellent,30.039514648874977
630.1075407002006,58.47229652222461,27.129952772799264,Thin Film,20.829971011440875,82.55773116568764,19.440816055474837,Light,90.62329458562017,Single-Axis,Tropical,Fair,12.205235943439389
805.2671856459247,39.18061362564144,40.12714530993607,Polycrystalline,21.22515929651798,40.592951758509656,23.495836319627518,Light,97.0638575208022,Single-Axis,Arid,Good,1.2439677646100762
530.0718510445433,24.19316047756611,5.856319329322188,Monocrystalline,19.637913804212797,21.83894095008379,29.219515919727943,Moderate,92.063342486047,Single-Axis,Polar,Fair,10.858482646578114
170.4105276826248,48.792424899538254,7.330175521114715,Polycrystalline,19.30831749537595,66.29236657813237,25.688369309981276,Clean,97.71787443883201,Dual-Axis,Polar,Good,25.912559205834636
1103.9040128985184,25.634332779205124,7.079161588069036,Monocrystalline,15.581218322034303,63.57270754208049,8.091878945860365,Clean,94.2188029555364,Fixed,Continental,Good,35.34592056036877
674.9263982446445,32.29210804527655,19.49397195393758,Monocrystalline,17.272022384151217,57.003836959409924,4.93238276420176,Light,92.47818987243434,Single-Axis,Temperate,Poor,23.586882080653993
123.12253673613901,57.25774623247753,24.963055773815803,Polycrystalline,16.248648442186628,80.44060669058466,17.039994971377055,Light,94.45694635399005,Single-Axis,Tropical,Excellent,62.45172001614734
512.6711446205779,40.34415655471138,41.43736713087273,,18.11309301557633,45.54773750903629,15.603347396004732,Clean,92.83506455936178,Fixed,Temperate,Poor,64.965244777287
687.94110979142,29.61153218962371,14.949822999379293,Thin Film,16.399591555116192,84.1004181159882,6.7524445439067815,Moderate,95.83027397013034,Fixed,Tropical,Fair,79.1033838862133
973.9228257685243,36.045505533375675,32.63738417077914,Monocrystalline,15.067451371126204,71.68641803471047,1.8221740591684177,Moderate,93.69616412679926,Dual-Axis,Tropical,Good,17.085756423906194
828.4335265344343,36.93356408250952,25.17208254935874,Polycrystalline,22.6455527232165,68.157879345252,11.300544149249793,Moderate,,Single-Axis,Tropical,Excellent,30.31006886129982
1106.493229358417,23.25576918348702,7.354367500564432,Thin Film,15.571750733162794,43.35535736088514,24.347471249862082,Heavy,90.83315488184276,Dual-Axis,Polar,Good,25.01575642158997
636.9995416085916,58.32231501890935,14.673958859911131,Thin Film,20.012701874161074,12.631868333292529,,Heavy,95.4097537568004,,Arid,Fair,34.87965853801867
1017.0003441174534,46.34389668009016,35.70184380967476,,20.69848784550009,35.92100950679878,13.907889565123558,Heavy,91.57275426132031,Single-Axis,Arid,,
844.3136710166588,47.713072185995664,7.305316692144528,Polycrystalline,18.913472111244538,42.52098933149579,25.985558664393224,Heavy,91.06598740101983,Single-Axis,Temperate,Fair,38.49965661114573
1080.8753411903058,,12.50696938768808,Polycrystalline,18.737585659400704,56.15617093067253,27.006895780702592,Heavy,94.33527754002343,Dual-Axis,Tropical,Excellent,10.533507318526356
715.290135050831,44.1103255459285,33.854095477178234,Monocrystalline,,76.67360254358911,6.235574010884807,Clean,96.44574784295824,Single-Axis,Temperate,Fair,1.4799442830290794
980.130994328735,53.9250506306791,43.90414143427898,Monocrystalline,19.871175956374906,45.33312097812727,21.53480897572577,Heavy,96.5145794318373,Single-Axis,Continental,Fair,23.407068986072293
228.50470192682243,35.0398878577559,30.20113576292928,Polycrystalline,20.219658670595784,14.606777593250362,1.5433748338331787,Clean,93.78353260163648,Dual-Axis,Tropical,Good,6.585694850448954
402.678275475898,48.725074439227406,,Polycrystalline,18.6606964381961,21.580299185020735,18.84874622245064,Clean,95.69071182343248,Single-Axis,Temperate,Fair,16.256502371517744
748.1387934225228,,5.173050507281225,Thin Film,22.928121633833435,66.82223075438729,,Moderate,97.66226468145521,Single-Axis,Arid,Fair,45.1329967817133
